{"type":"FeatureCollection","features":[{"type":"Feature","geometry":{"type":"MultiPolygon","coordinates":[[[[26.4278,60.3429],[26.4355,60.3621],[26.4145,60.3524],[26.4278,60.3429]]],[[[26.5225,60.3422],[26.5411,60.3438],[26.532,60.3695],[26.5034,60.3635],[26.4384,60.3925],[26.426,60.4076],[26.4241,60.3748],[26.3894,60.3872],[26.3949,60.357],[26.4242,60.3616],[26.4274,60.3727],[26.447,60.3585],[26.4983,60.3621],[26.5058,60.3452],[26.5225,60.3422]]],[[[26.1217,60.3389],[26.1265,60.359],[26.105,60.3549],[26.1217,60.3389]]],[[[25.6563,60.3338],[25.7002,60.3389],[25.6696,60.3551],[25.6412,60.3518],[25.6563,60.3338]]],[[[26.3056,60.3368],[26.2813,60.3538],[26.2853,60.3392],[26.3056,60.3368]]],[[[26.2015,60.3167],[26.2492,60.3194],[26.2367,60.3337],[26.1769,60.3518],[26.1681,60.3417],[26.2015,60.3167]]],[[[26.1436,60.2897],[26.127,60.3108],[26.098,60.3088],[26.0903,60.2972],[26.1436,60.2897]]],[[[25.9407,60.2683],[26.0008,60.2852],[26.0258,60.2784],[26.0341,60.2893],[25.9934,60.2945],[26.0071,60.2989],[25.9984,60.3359],[25.9411,60.3543],[25.9276,60.3418],[25.9445,60.3314],[25.963,60.3001],[25.934,60.3035],[25.9407,60.2683]]],[[[26.1061,60.2685],[26.1361,60.2833],[26.0657,60.2974],[26.0417,60.2882],[26.084,60.2883],[26.1112,60.2783],[26.1061,60.2685]]],[[[25.5364,60.2338],[25.537,60.2538],[25.5118,60.2395],[25.5364,60.2338]]],[[[25.4525,60.2316],[25.4899,60.2472],[25.4503,60.2465],[25.4525,60.2316]]],[[[25.3529,60.2239],[25.3694,60.2348],[25.2986,60.2472],[25.3387,60.2354],[25.3529,60.2239]]],[[[25.4325,60.2225],[25.4454,60.227],[25.445,60.2473],[25.4055,60.245],[25.4197,60.2236],[25.4325,60.2225]]],[[[25.2307,60.2198],[25.2495,60.2334],[25.2285,60.2351],[25.2307,60.2198]]],[[[25.9483,60.2159],[25.9225,60.2335],[25.9009,60.2231],[25.9483,60.2159]]],[[[25.2259,60.2075],[25.247,60.2167],[25.2139,60.2185],[25.2259,60.2075]]],[[[25.6895,60.2105],[25.6682,60.2319],[25.669,60.2114],[25.6895,60.2105]]],[[[25.6231,60.2022],[25.6419,60.2131],[25.6359,60.227],[25.6798,60.2398],[25.6722,60.2596],[25.657,60.26],[25.6367,60.2819],[25.6185,60.2821],[25.6186,60.3034],[25.6012,60.3165],[25.5762,60.3044],[25.5704,60.2636],[25.5862,60.247],[25.6175,60.2353],[25.594,60.2258],[25.6278,60.2081],[25.6231,60.2022]]],[[[25.9027,60.2047],[25.9172,60.2087],[25.8929,60.2213],[25.8616,60.2118],[25.9027,60.2047]]],[[[25.8261,60.1934],[25.8646,60.2072],[25.8569,60.2103],[25.8897,60.2209],[25.8427,60.2313],[25.821,60.2282],[25.8133,60.2035],[25.8261,60.1934]]],[[[25.4606,60.171],[25.4655,60.1855],[25.4359,60.1778],[25.4606,60.171]]],[[[25.0679,60.1576],[25.0965,60.1608],[25.0805,60.1727],[25.0661,60.1651],[25.0627,60.1852],[25.024,60.1786],[25.0119,60.1631],[25.0679,60.1576]]],[[[25.4395,60.1584],[25.4491,60.1721],[25.4197,60.1684],[25.4395,60.1584]]],[[[25.1242,60.1528],[25.1269,60.1613],[25.0929,60.1556],[25.1242,60.1528]]],[[[24.8765,60.1441],[24.8909,60.1642],[24.853,60.1614],[24.8765,60.1441]]],[[[25.0331,60.133],[25.085,60.1465],[25.045,60.1546],[25.0258,60.1448],[25.0331,60.133]]],[[[24.7277,60.123],[24.7295,60.1334],[24.6989,60.127],[24.7277,60.123]]],[[[24.7064,60.1063],[24.7395,60.1182],[24.7114,60.1217],[24.6845,60.1099],[24.7064,60.1063]]],[[[24.625,60.0859],[24.6483,60.1063],[24.6047,60.0923],[24.625,60.0859]]],[[[24.5893,60.0452],[24.5866,60.0628],[24.5679,60.0524],[24.5893,60.0452]]],[[[23.9998,60.0065],[24.0012,60.0183],[23.9741,60.0186],[23.9998,60.0065]]],[[[24.1993,60.0036],[24.2332,60.0152],[24.1948,60.0107],[24.1993,60.0036]]],[[[23.9344,59.9927],[23.9538,60.0045],[23.8988,60.0116],[23.8792,59.9994],[23.9344,59.9927]]],[[[23.967,59.9697],[23.9857,59.9856],[23.9348,59.9898],[23.8951,59.9821],[23.932,59.9746],[23.9409,59.9706],[23.967,59.9697]]],[[[23.0744,59.9422],[23.091,59.9587],[23.0612,59.9498],[23.0744,59.9422]]],[[[23.825,59.9483],[23.8921,59.9893],[23.8535,59.9936],[23.825,59.9483]]],[[[23.8658,59.9458],[23.8952,59.9525],[23.9198,59.9485],[23.9356,59.9715],[23.9018,59.9807],[23.8746,59.9751],[23.8484,59.9517],[23.8658,59.9458]]],[[[23.3664,59.915],[23.3994,59.9212],[23.3786,59.9338],[23.3592,59.9295],[23.3664,59.915]]],[[[23.4144,59.9162],[23.488,59.928],[23.4594,59.9451],[23.4271,59.9455],[23.4243,59.9532],[23.3781,59.9372],[23.4144,59.9162]]],[[[23.7566,59.924],[23.8094,59.9494],[23.7714,59.9389],[23.7495,59.9401],[23.7566,59.924]]],[[[23.7213,59.923],[23.717,59.9373],[23.685,59.9339],[23.7213,59.923]]],[[[23.5929,59.908],[23.6143,59.9204],[23.66,59.9321],[23.5396,59.9309],[23.5436,59.9214],[23.5866,59.9163],[23.5929,59.908]]],[[[23.1199,59.8941],[23.127,59.9127],[23.1034,59.9156],[23.102,59.9],[23.1199,59.8941]]],[[[23.3611,59.89],[23.3909,59.8942],[23.352,59.911],[23.3611,59.89]]],[[[23.5095,59.889],[23.4957,59.9026],[23.5297,59.9058],[23.5258,59.9273],[23.4985,59.9236],[23.4928,59.9126],[23.4087,59.9125],[23.4157,59.8957],[23.4555,59.9006],[23.4891,59.8888],[23.5095,59.889]]],[[[23.3121,59.8811],[23.3182,59.8922],[23.2827,59.8861],[23.3121,59.8811]]],[[[23.4021,59.8633],[23.4262,59.8753],[23.4227,59.8872],[23.3792,59.8888],[23.3599,59.8655],[23.4021,59.8633]]],[[[23.028,60.1016],[22.9884,60.0855],[22.9889,60.0705],[23.0132,60.0626],[23.0326,60.0716],[23.0514,60.0493],[23.1048,60.0405],[23.1017,60.0529],[23.1463,60.0693],[23.2265,60.0697],[23.2657,60.0628],[23.21,60.0402],[23.2315,60.0608],[23.1796,60.0655],[23.1548,60.0528],[23.1164,60.0448],[23.1149,60.0111],[23.0851,60.013],[23.1068,60.0355],[23.0228,60.0487],[22.9853,60.0327],[23.0073,60.0192],[23.0193,59.9845],[22.9789,59.9705],[22.9505,59.9796],[22.9482,59.9924],[22.9068,59.9885],[22.9042,59.9744],[22.8759,59.9792],[22.8495,59.9683],[22.8525,59.991],[22.836,60.0015],[22.8366,60.0188],[22.8096,60.0155],[22.8144,59.9804],[22.8301,59.9662],[22.8587,59.9606],[22.8701,59.9494],[22.865,59.9326],[22.8888,59.9157],[22.9391,59.9085],[22.9607,59.9212],[23.0085,59.9168],[22.9843,59.9343],[22.961,59.9334],[22.9792,59.9516],[22.9901,59.9372],[23.0335,59.9177],[23.0642,59.9199],[23.0706,59.9302],[23.0582,59.9513],[23.0711,59.9759],[23.0314,59.9794],[23.0383,59.9898],[23.0643,59.9886],[23.1011,60.0052],[23.1468,60.0082],[23.1768,60.0159],[23.2027,60.0346],[23.2331,60.0308],[23.1997,60.0141],[23.1903,60.0172],[23.1166,59.9992],[23.0966,59.9465],[23.1202,59.9412],[23.1311,59.9576],[23.1534,59.9672],[23.1867,59.9506],[23.1786,59.9723],[23.193,59.9768],[23.2169,59.9564],[23.1869,59.9433],[23.162,59.9412],[23.1446,59.9236],[23.1667,59.9098],[23.2237,59.9373],[23.2005,59.9376],[23.2776,59.9691],[23.3005,59.9942],[23.3062,60.035],[23.3289,60.047],[23.3087,60.0193],[23.306,59.994],[23.2714,59.9492],[23.2389,59.9392],[23.191,59.9115],[23.1626,59.9018],[23.1514,59.8864],[23.1047,59.8874],[23.0771,59.8814],[23.0501,59.866],[23.025,59.8652],[22.98,59.8459],[22.9659,59.8502],[22.9231,59.8336],[22.9282,59.8235],[22.9598,59.8181],[22.9972,59.827],[23.0562,59.8207],[23.0848,59.8269],[23.139,59.8291],[23.1649,59.8361],[23.1774,59.8294],[23.2148,59.84],[23.2408,59.8616],[23.225,59.8734],[23.2346,59.8961],[23.2958,59.9086],[23.3139,59.9214],[23.3717,59.9369],[23.4006,59.9769],[23.4513,59.9983],[23.4721,60.0298],[23.4695,60.0464],[23.4935,60.0506],[23.4943,60.0619],[23.518,60.0719],[23.5253,60.0919],[23.5596,60.0917],[23.5343,60.0733],[23.5376,60.0394],[23.4931,60.0334],[23.4802,60.0131],[23.4901,60.0026],[23.4634,59.999],[23.4596,59.9873],[23.4361,59.9815],[23.4318,59.9665],[23.4704,59.9698],[23.4786,59.9816],[23.5349,59.983],[23.5784,59.9912],[23.4547,59.9615],[23.4915,59.9273],[23.5409,59.9377],[23.5899,59.9349],[23.6481,59.9409],[23.6376,59.9354],[23.6986,59.937],[23.6941,59.9467],[23.7265,59.9451],[23.6853,59.9737],[23.682,59.9584],[23.6528,59.9686],[23.6776,59.9768],[23.7395,59.9687],[23.7478,59.9874],[23.7837,59.9867],[23.8053,59.9777],[23.7808,59.9671],[23.8154,59.9709],[23.8328,59.9914],[23.8564,60.0046],[23.8842,60.0065],[23.8658,60.0205],[23.9627,60.0118],[23.9671,60.0219],[23.9981,60.0302],[24.014,60.0465],[24.0282,60.027],[24.0924,60.0235],[24.1152,60.0268],[24.1373,60.0439],[24.1487,60.0293],[24.2021,60.0274],[24.1899,60.0413],[24.1621,60.0492],[24.1742,60.0588],[24.2224,60.0564],[24.2436,60.0431],[24.2768,60.0438],[24.2662,60.0526],[24.3176,60.0635],[24.2932,60.0781],[24.309,60.0856],[24.3306,60.0779],[24.3332,60.0939],[24.3747,60.0801],[24.3619,60.0359],[24.3203,60.0142],[24.3199,60.0049],[24.3472,60.0112],[24.3478,60.0249],[24.3791,60.0289],[24.3867,60.0161],[24.4298,60.0392],[24.452,60.0421],[24.4736,60.0661],[24.478,60.0476],[24.4455,60.0354],[24.4611,60.0283],[24.4259,60.0077],[24.4287,59.9997],[24.3918,59.9784],[24.396,59.9679],[24.4245,59.9855],[24.4279,59.9762],[24.5176,60.0075],[24.5094,60.0173],[24.5487,60.032],[24.5387,60.039],[24.5697,60.06],[24.6191,60.0817],[24.5867,60.0962],[24.608,60.1057],[24.6464,60.1096],[24.6413,60.1207],[24.6134,60.1213],[24.6276,60.1371],[24.6079,60.1567],[24.5507,60.1614],[24.5773,60.177],[24.5935,60.1633],[24.6549,60.1401],[24.6765,60.1159],[24.6961,60.1367],[24.7233,60.1491],[24.7495,60.144],[24.8036,60.16],[24.8154,60.1746],[24.8376,60.1763],[24.8409,60.1897],[24.8151,60.1968],[24.8482,60.2046],[24.8753,60.1897],[24.9037,60.1859],[24.9159,60.169],[24.8989,60.1671],[24.9093,60.1503],[24.963,60.1559],[24.9632,60.1803],[24.9837,60.1837],[24.9795,60.2006],[24.9946,60.2216],[25.0242,60.2068],[25.0001,60.1968],[25.0325,60.1846],[25.0679,60.1987],[25.0966,60.2005],[25.0908,60.1905],[25.1593,60.2017],[25.2035,60.2146],[25.1915,60.2363],[25.2167,60.2445],[25.1983,60.2511],[25.2456,60.2607],[25.2531,60.2503],[25.3122,60.254],[25.3787,60.2734],[25.3776,60.255],[25.4421,60.2511],[25.5116,60.2663],[25.5105,60.2791],[25.5363,60.2831],[25.5507,60.3056],[25.5439,60.3209],[25.5166,60.3268],[25.5477,60.3391],[25.5784,60.3355],[25.5862,60.3213],[25.6189,60.3332],[25.629,60.353],[25.6689,60.3831],[25.7042,60.3718],[25.6898,60.3597],[25.718,60.3534],[25.7195,60.3338],[25.6354,60.3304],[25.64,60.3105],[25.6534,60.3074],[25.6739,60.276],[25.7027,60.2793],[25.7081,60.2688],[25.7446,60.2523],[25.7591,60.2566],[25.787,60.2373],[25.7899,60.2675],[25.8306,60.2623],[25.8505,60.2776],[25.7868,60.2811],[25.7556,60.3212],[25.8127,60.2847],[25.8527,60.2914],[25.8721,60.268],[25.8606,60.256],[25.8901,60.2448],[25.9351,60.2593],[25.8894,60.2829],[25.9013,60.303],[25.8638,60.3235],[25.9146,60.3428],[25.9129,60.3667],[25.8904,60.373],[25.8821,60.3876],[25.8606,60.3955],[25.8525,60.4125],[25.8908,60.3995],[25.9094,60.3739],[25.942,60.3574],[25.9838,60.3523],[25.9822,60.3743],[25.9954,60.3735],[25.99,60.3541],[26.0203,60.336],[26.0286,60.3175],[26.0177,60.3062],[26.0778,60.3045],[26.1113,60.3251],[26.1005,60.3479],[26.075,60.3455],[26.0427,60.3799],[26.0127,60.388],[26.0068,60.3986],[26.0397,60.4105],[25.9989,60.4308],[25.9941,60.447],[25.962,60.4433],[25.9547,60.4515],[25.9702,60.4766],[25.9431,60.4751],[25.9126,60.4852],[25.9725,60.4813],[25.9973,60.4667],[26.004,60.4525],[26.0537,60.4233],[26.071,60.4335],[26.1143,60.4043],[26.1392,60.3949],[26.1567,60.4013],[26.1803,60.3732],[26.2044,60.365],[26.1913,60.3975],[26.171,60.4038],[26.1695,60.4183],[26.2223,60.3969],[26.2669,60.3926],[26.2494,60.4254],[26.2322,60.4364],[26.2348,60.4593],[26.2699,60.4326],[26.296,60.4311],[26.2901,60.406],[26.3249,60.3715],[26.3475,60.3838],[26.3342,60.398],[26.3861,60.4133],[26.4147,60.3916],[26.4146,60.4113],[26.4007,60.4279],[26.4392,60.4132],[26.4541,60.418],[26.4546,60.4494],[26.438,60.4691],[26.4532,60.4861],[26.4478,60.4924],[26.5112,60.5273],[26.5006,60.5454],[26.5443,60.5549],[26.5387,60.5952],[26.4835,60.5969],[26.4818,60.6143],[26.4585,60.6391],[26.4314,60.6496],[26.3471,60.6614],[26.3621,60.6682],[26.3384,60.6758],[26.3251,60.6967],[26.3315,60.7119],[26.3005,60.731],[26.3001,60.7492],[26.2537,60.761],[26.2531,60.7481],[26.2084,60.758],[26.2238,60.7293],[26.2143,60.7163],[26.1418,60.6905],[26.1092,60.6864],[26.0278,60.7166],[25.9335,60.7059],[25.9149,60.7359],[25.8594,60.732],[25.8349,60.715],[25.7468,60.7081],[25.723,60.7184],[25.6795,60.6915],[25.6572,60.6907],[25.6109,60.6715],[25.5193,60.7039],[25.5254,60.7194],[25.5136,60.7481],[25.4745,60.7927],[25.4333,60.7954],[25.3822,60.7534],[25.3191,60.761],[25.2981,60.752],[25.2847,60.7762],[25.2212,60.804],[25.2091,60.8409],[25.1893,60.8203],[25.111,60.8186],[25.1021,60.8098],[25.1549,60.7784],[25.1524,60.7684],[25.0906,60.7629],[25.0583,60.725],[25.0679,60.7146],[25.1187,60.7467],[25.1455,60.7315],[25.1929,60.7247],[25.1461,60.7165],[25.0842,60.6992],[25.1125,60.6616],[25.0619,60.6693],[25.0349,60.685],[24.9326,60.6737],[24.9209,60.6629],[24.8356,60.6593],[24.8095,60.6728],[24.7793,60.6539],[24.7642,60.6599],[24.7399,60.6475],[24.6913,60.6493],[24.6159,60.6676],[24.566,60.6371],[24.5629,60.6025],[24.5773,60.5858],[24.549,60.5598],[24.4237,60.5525],[24.3984,60.5772],[24.4104,60.5921],[24.3477,60.6122],[24.2933,60.5844],[24.3056,60.571],[24.2854,60.5654],[24.2342,60.6015],[24.2373,60.6181],[24.1749,60.6281],[24.1348,60.6231],[24.0843,60.6281],[24.0411,60.6445],[23.9614,60.6381],[23.9179,60.6538],[23.9005,60.6498],[23.8664,60.6186],[23.9205,60.6061],[23.8891,60.5741],[23.8875,60.5585],[23.8445,60.5564],[23.8654,60.5359],[23.8515,60.5306],[23.8718,60.5079],[23.8376,60.4913],[23.823,60.4946],[23.7375,60.4904],[23.7094,60.4728],[23.7152,60.4648],[23.6922,60.4499],[23.7841,60.4502],[23.7936,60.4288],[23.7762,60.3879],[23.7417,60.37],[23.7232,60.3688],[23.734,60.3557],[23.7278,60.3077],[23.6898,60.2937],[23.674,60.3031],[23.6295,60.2827],[23.6272,60.2605],[23.5989,60.2664],[23.5863,60.2588],[23.6335,60.2347],[23.649,60.2016],[23.608,60.1914],[23.5536,60.2022],[23.4702,60.1726],[23.4154,60.1652],[23.3792,60.167],[23.3629,60.1499],[23.316,60.1716],[23.3259,60.1885],[23.3059,60.1887],[23.2775,60.1727],[23.2715,60.1543],[23.233,60.1399],[23.1958,60.1342],[23.1975,60.1229],[23.1486,60.1004],[23.0565,60.0886],[23.028,60.1016]]],[[[23.5757,59.82],[23.5784,59.8323],[23.5526,59.8233],[23.5757,59.82]]]]},"properties":{"code":"MK01","name":"Uusimaa","hasData":true}},{"type":"Feature","geometry":{"type":"MultiPolygon","coordinates":[[[[21.037,60.8349],[21.0197,60.8487],[21.003,60.8453],[21.037,60.8349]]],[[[21.1706,60.8081],[21.1518,60.8233],[21.1455,60.8134],[21.1706,60.8081]]],[[[21.2706,60.8025],[21.2871,60.8105],[21.2803,60.8236],[21.2414,60.8054],[21.2706,60.8025]]],[[[21.1678,60.7803],[21.1753,60.7894],[21.1436,60.8074],[21.1307,60.8011],[21.1419,60.7856],[21.1678,60.7803]]],[[[21.291,60.7602],[21.2982,60.7736],[21.2671,60.7711],[21.291,60.7602]]],[[[21.2661,60.7539],[21.2817,60.764],[21.2561,60.7671],[21.2661,60.7539]]],[[[21.3585,60.7416],[21.378,60.7504],[21.3421,60.7682],[21.3245,60.7619],[21.3585,60.7416]]],[[[21.0164,60.7151],[21.0284,60.7353],[21.0044,60.7244],[21.0164,60.7151]]],[[[21.3013,60.7082],[21.3272,60.7136],[21.3059,60.7201],[21.3013,60.7082]]],[[[21.2319,60.6074],[21.2408,60.6187],[21.2212,60.6296],[21.2319,60.6074]]],[[[21.2259,60.5816],[21.2339,60.5951],[21.1998,60.6174],[21.1794,60.6118],[21.2085,60.5991],[21.2259,60.5816]]],[[[21.3645,60.5834],[21.3693,60.5949],[21.353,60.6155],[21.3148,60.6243],[21.3117,60.6173],[21.3501,60.5992],[21.3645,60.5834]]],[[[21.319,60.5801],[21.3243,60.5894],[21.3036,60.6075],[21.3065,60.6197],[21.3176,60.6292],[21.3248,60.6249],[21.3554,60.6247],[21.3322,60.6282],[21.3093,60.6449],[21.3208,60.6658],[21.2744,60.6534],[21.2384,60.6495],[21.2277,60.6365],[21.2479,60.6182],[21.2408,60.6115],[21.2674,60.5986],[21.2648,60.6129],[21.291,60.5872],[21.319,60.5801]]],[[[21.1613,60.5609],[21.1808,60.5718],[21.1602,60.5762],[21.1613,60.5609]]],[[[21.7482,60.574],[21.7627,60.5889],[21.7333,60.5839],[21.7482,60.574]]],[[[21.3182,60.5546],[21.31,60.5803],[21.2877,60.5731],[21.3182,60.5546]]],[[[21.7365,60.5518],[21.7506,60.5631],[21.7387,60.5769],[21.7252,60.5579],[21.7365,60.5518]]],[[[21.5518,60.5311],[21.551,60.5511],[21.5271,60.5568],[21.5352,60.5366],[21.5518,60.5311]]],[[[21.4931,60.5096],[21.5068,60.5252],[21.4862,60.5299],[21.4931,60.5096]]],[[[21.5849,60.5123],[21.5971,60.5254],[21.561,60.5441],[21.564,60.5293],[21.5849,60.5123]]],[[[21.3681,60.4955],[21.3842,60.4978],[21.3804,60.5174],[21.3481,60.5146],[21.3681,60.4955]]],[[[21.3113,60.4847],[21.3163,60.4931],[21.3541,60.4998],[21.3186,60.5206],[21.3231,60.5377],[21.2987,60.5611],[21.2361,60.5871],[21.2399,60.5659],[21.2564,60.5638],[21.2516,60.5433],[21.2698,60.5521],[21.2771,60.5268],[21.25,60.5362],[21.2393,60.5097],[21.271,60.5161],[21.2662,60.5034],[21.2879,60.5034],[21.2823,60.4909],[21.3112,60.4978],[21.3113,60.4847]]],[[[21.5493,60.4844],[21.5657,60.4999],[21.5724,60.5217],[21.548,60.5258],[21.5592,60.5012],[21.5245,60.5188],[21.5152,60.5003],[21.5493,60.4844]]],[[[21.4692,60.4776],[21.4978,60.4928],[21.4779,60.521],[21.4787,60.5367],[21.5314,60.5227],[21.5178,60.5461],[21.4886,60.5479],[21.4669,60.5589],[21.4285,60.5552],[21.4207,60.5786],[21.3981,60.5943],[21.3713,60.5955],[21.3672,60.581],[21.3458,60.5765],[21.3533,60.5687],[21.3301,60.5658],[21.3445,60.5496],[21.3331,60.5439],[21.3621,60.5304],[21.3839,60.529],[21.4036,60.5075],[21.4309,60.5026],[21.4334,60.4859],[21.4692,60.4776]]],[[[21.6578,60.4599],[21.6759,60.4657],[21.6613,60.4786],[21.6393,60.4646],[21.6578,60.4599]]],[[[21.7147,60.458],[21.7366,60.4732],[21.7291,60.4901],[21.7747,60.5073],[21.8028,60.5406],[21.7556,60.5555],[21.7463,60.5365],[21.7123,60.5214],[21.7137,60.5069],[21.6937,60.4705],[21.7147,60.458]]],[[[21.6849,60.4376],[21.7053,60.4456],[21.6794,60.4492],[21.6849,60.4376]]],[[[21.4116,60.4236],[21.4066,60.4405],[21.3942,60.4285],[21.4116,60.4236]]],[[[21.3695,60.4114],[21.3924,60.4192],[21.3832,60.4391],[21.3695,60.4114]]],[[[21.8177,60.4204],[21.8314,60.4332],[21.8011,60.4489],[21.7802,60.4287],[21.8177,60.4204]]],[[[21.2111,60.395],[21.2333,60.3969],[21.2082,60.4274],[21.1998,60.4034],[21.2111,60.395]]],[[[21.4201,60.3998],[21.4411,60.4069],[21.4213,60.427],[21.4039,60.4141],[21.4201,60.3998]]],[[[21.7013,60.4112],[21.7214,60.4257],[21.7057,60.4445],[21.6886,60.4248],[21.7013,60.4112]]],[[[22.0355,60.4218],[22.0656,60.4264],[22.0727,60.4428],[22.0295,60.4425],[22.0281,60.4586],[21.9851,60.4723],[21.9235,60.4837],[21.942,60.4484],[21.9837,60.4383],[21.9916,60.4228],[22.0355,60.4218]]],[[[21.603,60.4047],[21.642,60.4257],[21.6448,60.4464],[21.6338,60.4591],[21.6047,60.4379],[21.603,60.4047]]],[[[22.1106,60.4064],[22.1528,60.4258],[22.1733,60.4228],[22.2053,60.4361],[22.1641,60.4391],[22.1252,60.4344],[22.1088,60.4258],[22.1106,60.4064]]],[[[22.0364,60.3995],[22.0529,60.4016],[22.0551,60.4182],[22.0285,60.41],[22.0364,60.3995]]],[[[21.3996,60.3665],[21.4146,60.3922],[21.3675,60.4063],[21.3535,60.3989],[21.3659,60.3841],[21.3996,60.3665]]],[[[21.1816,60.3545],[21.1925,60.3682],[21.1685,60.3621],[21.1816,60.3545]]],[[[21.9852,60.3872],[21.9874,60.4008],[21.961,60.3871],[21.9852,60.3872]]],[[[21.4753,60.3584],[21.4941,60.3845],[21.4742,60.388],[21.4753,60.3584]]],[[[22.2221,60.3849],[22.2786,60.3905],[22.2519,60.4158],[22.2248,60.4311],[22.1994,60.4297],[22.1462,60.4062],[22.1712,60.3855],[22.2221,60.3849]]],[[[21.3554,60.3508],[21.3594,60.368],[21.3287,60.3921],[21.2995,60.3921],[21.2891,60.375],[21.3121,60.3587],[21.3395,60.367],[21.3351,60.3521],[21.3554,60.3508]]],[[[21.7574,60.3658],[21.7822,60.3705],[21.7305,60.3783],[21.7574,60.3658]]],[[[21.6975,60.3621],[21.6563,60.3827],[21.6441,60.3751],[21.6975,60.3621]]],[[[22.2533,60.3765],[22.2753,60.388],[22.2386,60.3847],[22.2533,60.3765]]],[[[21.895,60.3492],[21.9121,60.3603],[21.8219,60.366],[21.8287,60.3574],[21.895,60.3492]]],[[[22.3494,60.3651],[22.45,60.3819],[22.4753,60.4084],[22.3222,60.3848],[22.3209,60.3693],[22.3494,60.3651]]],[[[21.7109,60.3399],[21.6904,60.36],[21.6401,60.3629],[21.6527,60.3453],[21.7109,60.3399]]],[[[21.2992,60.3203],[21.3096,60.3276],[21.2765,60.33],[21.2992,60.3203]]],[[[22.1044,60.3492],[22.1316,60.3577],[22.2105,60.3708],[22.2213,60.383],[22.1316,60.3803],[22.1044,60.3492]]],[[[21.1615,60.3105],[21.1695,60.3254],[21.1451,60.3139],[21.1615,60.3105]]],[[[21.9805,60.3409],[22.05,60.3525],[22.027,60.3592],[22.0341,60.369],[22.0174,60.3813],[21.9529,60.3806],[21.9647,60.3942],[21.899,60.4019],[21.9772,60.4032],[21.9542,60.4299],[21.9435,60.4315],[21.8965,60.4778],[21.8803,60.4787],[21.8543,60.4888],[21.8239,60.4883],[21.8138,60.445],[21.8404,60.4344],[21.8281,60.4163],[21.7945,60.4022],[21.8282,60.3793],[21.8826,60.3661],[21.924,60.3642],[21.9023,60.3486],[21.9805,60.3409]]],[[[21.7102,60.325],[21.6829,60.341],[21.6588,60.3291],[21.7102,60.325]]],[[[22.4643,60.3515],[22.494,60.3546],[22.5339,60.3807],[22.456,60.374],[22.4633,60.3652],[22.4335,60.359],[22.4643,60.3515]]],[[[22.1777,60.3405],[22.3059,60.359],[22.2939,60.3773],[22.1746,60.3645],[22.145,60.3583],[22.1777,60.3405]]],[[[21.2264,60.3006],[21.2385,60.3102],[21.2167,60.3139],[21.2264,60.3006]]],[[[21.9168,60.3255],[21.9362,60.3292],[21.8726,60.334],[21.8688,60.3283],[21.9168,60.3255]]],[[[22.0077,60.3074],[22.0389,60.3235],[22.0107,60.337],[21.9812,60.3366],[21.9257,60.3197],[22.0077,60.3074]]],[[[21.5629,60.2786],[21.5798,60.2868],[21.5743,60.3016],[21.5543,60.3051],[21.5182,60.2911],[21.5629,60.2786]]],[[[21.6541,60.2802],[21.683,60.2876],[21.6423,60.2988],[21.6541,60.2802]]],[[[21.388,60.2678],[21.4472,60.2711],[21.4451,60.2912],[21.3797,60.2815],[21.388,60.2678]]],[[[21.8425,60.2823],[21.858,60.2942],[21.8338,60.2918],[21.8425,60.2823]]],[[[22.3708,60.2974],[22.4173,60.3054],[22.4422,60.3052],[22.5148,60.3379],[22.5194,60.3477],[22.4693,60.3437],[22.4186,60.3531],[22.4164,60.3737],[22.3691,60.3665],[22.3218,60.3507],[22.3062,60.3276],[22.3737,60.3203],[22.3708,60.2974]]],[[[21.9791,60.2819],[22.0112,60.2939],[22.0029,60.3001],[21.9791,60.2819]]],[[[21.9502,60.2763],[21.9736,60.2879],[21.9764,60.3107],[21.9181,60.315],[21.876,60.31],[21.8984,60.282],[21.9502,60.2763]]],[[[21.3838,60.2463],[21.3834,60.2562],[21.4249,60.2515],[21.4198,60.2636],[21.372,60.2591],[21.3838,60.2463]]],[[[22.3347,60.2823],[22.3648,60.3166],[22.324,60.3245],[22.2981,60.3206],[22.3061,60.3086],[22.3047,60.2981],[22.3347,60.2823]]],[[[21.7049,60.2544],[21.7206,60.2628],[21.6746,60.2587],[21.7049,60.2544]]],[[[23.0012,60.299],[23.0331,60.3224],[23.0091,60.3231],[23.0012,60.299]]],[[[21.2187,60.233],[21.2391,60.2492],[21.2122,60.2433],[21.2187,60.233]]],[[[21.3363,60.2351],[21.3924,60.2381],[21.356,60.2504],[21.3184,60.2484],[21.3005,60.2393],[21.3363,60.2351]]],[[[21.5466,60.2409],[21.5441,60.2545],[21.5243,60.2496],[21.5466,60.2409]]],[[[21.7576,60.244],[21.7875,60.258],[21.7529,60.2602],[21.7576,60.244]]],[[[21.5325,60.2319],[21.5187,60.2491],[21.4923,60.2341],[21.5325,60.2319]]],[[[22.1346,60.2481],[22.1673,60.2499],[22.1904,60.2632],[22.1198,60.2615],[22.1033,60.2546],[22.1346,60.2481]]],[[[22.2382,60.2518],[22.2269,60.268],[22.2676,60.2677],[22.303,60.2887],[22.3054,60.306],[22.2875,60.3246],[22.2472,60.3336],[22.2278,60.3249],[22.1892,60.3333],[22.117,60.3261],[22.0874,60.2857],[22.1077,60.2741],[22.1928,60.2702],[22.1915,60.288],[22.1695,60.3027],[22.2282,60.2914],[22.1876,60.2539],[22.2382,60.2518]]],[[[21.9718,60.2327],[21.9567,60.2523],[21.9482,60.2453],[21.9718,60.2327]]],[[[21.5637,60.2165],[21.6094,60.2251],[21.5992,60.2345],[21.6266,60.2392],[21.6372,60.2545],[21.5865,60.2529],[21.616,60.2622],[21.5838,60.2741],[21.5545,60.2239],[21.5637,60.2165]]],[[[21.4031,60.2092],[21.4643,60.2144],[21.463,60.2355],[21.4159,60.2371],[21.4031,60.2092]]],[[[21.2672,60.2034],[21.2992,60.227],[21.2485,60.225],[21.2672,60.2034]]],[[[22.1813,60.2393],[22.2311,60.2477],[22.1829,60.2494],[22.1813,60.2393]]],[[[22.0638,60.2278],[22.0878,60.2409],[22.0869,60.2513],[22.0406,60.2417],[22.0638,60.2278]]],[[[22.3318,60.237],[22.4204,60.2495],[22.4162,60.2703],[22.4466,60.281],[22.4666,60.3079],[22.3817,60.2987],[22.3503,60.2769],[22.3102,60.261],[22.3318,60.237]]],[[[22.1478,60.2296],[22.1763,60.2465],[22.1356,60.2457],[22.1125,60.2352],[22.1551,60.2396],[22.1478,60.2296]]],[[[21.2465,60.1907],[21.2309,60.2019],[21.2131,60.1926],[21.2465,60.1907]]],[[[22.5564,60.2385],[22.5759,60.2558],[22.5534,60.2551],[22.5564,60.2385]]],[[[22.2055,60.2169],[22.2129,60.2396],[22.1843,60.2384],[22.1724,60.2248],[22.2055,60.2169]]],[[[21.9738,60.2038],[22.0077,60.2123],[21.9561,60.2126],[21.9738,60.2038]]],[[[21.9326,60.1988],[21.9521,60.2136],[21.9112,60.209],[21.9326,60.1988]]],[[[21.3982,60.177],[21.4578,60.1964],[21.4688,60.2106],[21.4358,60.2056],[21.3757,60.2041],[21.3994,60.2246],[21.3596,60.223],[21.3843,60.2303],[21.3178,60.2322],[21.3143,60.2233],[21.2824,60.2129],[21.2844,60.2053],[21.3237,60.1977],[21.3312,60.187],[21.3627,60.1873],[21.3655,60.1765],[21.3931,60.1884],[21.3982,60.177]]],[[[21.6386,60.183],[21.6631,60.1856],[21.6614,60.1985],[21.5988,60.2008],[21.6386,60.183]]],[[[22.3087,60.2041],[22.3452,60.2116],[22.3744,60.2269],[22.3546,60.2315],[22.3052,60.2144],[22.3087,60.2041]]],[[[22.4683,60.2071],[22.4987,60.2154],[22.5074,60.229],[22.4799,60.2406],[22.4657,60.2372],[22.4549,60.2151],[22.4683,60.2071]]],[[[22.22,60.1881],[22.2753,60.1994],[22.3272,60.2358],[22.3067,60.2551],[22.3047,60.2722],[22.2671,60.2644],[22.2249,60.2405],[22.2152,60.2169],[22.1904,60.2047],[22.22,60.1881]]],[[[21.3042,60.149],[21.318,60.1677],[21.2944,60.1658],[21.3042,60.149]]],[[[22.0762,60.1714],[22.1092,60.1808],[22.0724,60.1854],[22.0762,60.1714]]],[[[22.0971,60.1674],[22.1399,60.176],[22.1556,60.194],[22.1307,60.1944],[22.1137,60.181],[22.0935,60.173],[22.0971,60.1674]]],[[[21.9269,60.1604],[21.9473,60.1792],[21.9122,60.1726],[21.9269,60.1604]]],[[[22.2207,60.1628],[22.2663,60.176],[22.2261,60.1797],[22.1744,60.1676],[22.2207,60.1628]]],[[[21.9827,60.1467],[21.9848,60.1604],[22.0013,60.1477],[22.0574,60.1578],[22.0682,60.1775],[22.0413,60.1865],[22.0796,60.1897],[22.1074,60.2011],[22.0856,60.2113],[22.0945,60.2221],[22.0491,60.2169],[22.0191,60.1975],[22.0105,60.2022],[21.9551,60.1926],[21.9606,60.1764],[21.9402,60.1706],[21.9827,60.1467]]],[[[21.4646,60.1203],[21.4851,60.1238],[21.5058,60.1372],[21.4891,60.1399],[21.4646,60.1203]]],[[[21.8569,60.1324],[21.8992,60.1519],[21.9189,60.1493],[21.879,60.167],[21.8331,60.1417],[21.8569,60.1324]]],[[[21.8852,60.133],[21.9054,60.1438],[21.8643,60.1357],[21.8852,60.133]]],[[[22.2905,60.1441],[22.3376,60.148],[22.3408,60.1628],[22.3053,60.1625],[22.3625,60.1704],[22.3814,60.1859],[22.3867,60.21],[22.3114,60.1931],[22.2899,60.1688],[22.3026,60.1522],[22.2905,60.1441]]],[[[21.7733,60.1243],[21.8168,60.1433],[21.8043,60.1571],[21.8538,60.1605],[21.8542,60.1714],[21.8961,60.1718],[21.9097,60.1789],[21.8653,60.1796],[21.8731,60.1888],[21.9288,60.1808],[21.9452,60.1928],[21.9148,60.1936],[21.8768,60.2072],[21.8898,60.2198],[21.8453,60.2141],[21.754,60.2108],[21.7244,60.1977],[21.7166,60.1719],[21.7501,60.1701],[21.7056,60.1642],[21.7178,60.1459],[21.6947,60.1326],[21.7733,60.1243]]],[[[22.1271,60.1377],[22.131,60.1597],[22.1112,60.156],[22.1043,60.1409],[22.1271,60.1377]]],[[[21.999,60.1325],[22.0298,60.1397],[21.9843,60.1432],[21.999,60.1325]]],[[[21.5937,60.1093],[21.6473,60.1123],[21.6686,60.1186],[21.661,60.1384],[21.6901,60.1558],[21.6904,60.1778],[21.652,60.1777],[21.5793,60.1864],[21.5341,60.1662],[21.5055,60.1435],[21.5118,60.1396],[21.4989,60.1266],[21.5182,60.1276],[21.5216,60.1104],[21.5937,60.1093]]],[[[21.4979,60.1044],[21.4867,60.1207],[21.4621,60.1123],[21.4979,60.1044]]],[[[22.2599,60.1322],[22.2782,60.138],[22.2847,60.1569],[22.2608,60.1586],[22.2468,60.1383],[22.2599,60.1322]]],[[[21.8492,60.114],[21.8694,60.1239],[21.9023,60.1223],[21.8245,60.1337],[21.8169,60.1245],[21.8492,60.114]]],[[[21.6405,60.1053],[21.6506,60.111],[21.6001,60.1085],[21.6405,60.1053]]],[[[22.3129,60.1272],[22.3381,60.145],[22.3004,60.1419],[22.3129,60.1272]]],[[[21.7302,60.1039],[21.753,60.1083],[21.7413,60.1213],[21.7078,60.1123],[21.7302,60.1039]]],[[[21.9744,60.1101],[22.0145,60.1162],[22.0127,60.1246],[21.9702,60.1297],[21.9699,60.1404],[21.9239,60.1296],[21.94,60.1155],[21.9744,60.1101]]],[[[21.6823,60.0926],[21.6916,60.1013],[21.6661,60.108],[21.6445,60.1045],[21.6247,60.104],[21.6318,60.0965],[21.6823,60.0926]]],[[[22.9786,60.1085],[23.0163,60.1252],[22.9976,60.1296],[22.9667,60.1235],[22.9786,60.1085]]],[[[23.028,60.1016],[23.0565,60.0886],[23.1486,60.1004],[23.1975,60.1229],[23.1958,60.1342],[23.233,60.1399],[23.2715,60.1543],[23.2775,60.1727],[23.3059,60.1887],[23.3259,60.1885],[23.316,60.1716],[23.3629,60.1499],[23.3792,60.167],[23.4154,60.1652],[23.4702,60.1726],[23.5536,60.2022],[23.608,60.1914],[23.649,60.2016],[23.6335,60.2347],[23.5863,60.2588],[23.5989,60.2664],[23.6272,60.2605],[23.6295,60.2827],[23.674,60.3031],[23.6898,60.2937],[23.7278,60.3077],[23.734,60.3557],[23.7232,60.3688],[23.7417,60.37],[23.7762,60.3879],[23.7936,60.4288],[23.7841,60.4502],[23.6922,60.4499],[23.7152,60.4648],[23.7094,60.4728],[23.7375,60.4904],[23.823,60.4946],[23.8376,60.4913],[23.8718,60.5079],[23.8515,60.5306],[23.8654,60.5359],[23.8445,60.5564],[23.8875,60.5585],[23.8891,60.5741],[23.9205,60.6061],[23.8664,60.6186],[23.9005,60.6498],[23.8142,60.6561],[23.7479,60.6533],[23.7138,60.6638],[23.6841,60.6572],[23.6729,60.6707],[23.6816,60.6832],[23.6259,60.6938],[23.5759,60.6943],[23.5392,60.7043],[23.5295,60.7184],[23.5003,60.7274],[23.5021,60.744],[23.4544,60.7487],[23.4086,60.7398],[23.3335,60.7179],[23.2791,60.7261],[23.2773,60.7111],[23.2549,60.7281],[23.1814,60.7583],[23.1546,60.7742],[23.1949,60.8134],[23.2301,60.8254],[23.2213,60.8296],[23.1426,60.8375],[23.1356,60.8835],[23.1552,60.8924],[23.2667,60.8891],[23.2531,60.9195],[23.2913,60.9179],[23.2939,60.9547],[23.2554,60.9635],[23.1954,61.0012],[23.165,61.0054],[23.1481,61.0314],[23.0554,61.031],[23.0163,61.0224],[22.9685,61.0433],[22.9357,61.0448],[22.9264,61.0549],[22.8891,61.0568],[22.8698,61.0838],[22.8239,61.1014],[22.8163,61.0788],[22.8369,61.0691],[22.8237,61.042],[22.8073,61.0412],[22.8249,61.0265],[22.8159,60.9934],[22.7798,60.9942],[22.7094,60.9826],[22.7015,60.9869],[22.5791,60.9902],[22.5225,60.9764],[22.5862,60.9388],[22.5197,60.9511],[22.4146,60.9358],[22.3646,60.9318],[22.3131,60.916],[22.2413,60.9238],[22.1888,60.901],[22.1603,60.872],[22.1285,60.9042],[21.9852,60.901],[21.9968,60.9125],[21.9442,60.9465],[21.9514,60.9769],[21.9262,60.9762],[21.903,60.9862],[21.877,60.9828],[21.8441,61.0094],[21.805,61.0201],[21.8252,61.0342],[21.7758,61.0341],[21.7532,61.0266],[21.766,61.0137],[21.7344,61.0009],[21.6933,61.0036],[21.6546,60.9999],[21.6514,61.0174],[21.6212,61.0518],[21.5911,61.0288],[21.607,61.0107],[21.5664,61.0092],[21.4802,60.9995],[21.4747,61.0092],[21.4272,61.0274],[21.4199,61.0473],[21.3668,61.0705],[21.315,61.088],[21.2985,61.0756],[21.315,61.0528],[21.337,61.0455],[21.3181,61.0374],[21.3658,61.0279],[21.3419,61.0158],[21.3592,61.0137],[21.3674,60.9953],[21.4084,60.9748],[21.4002,60.9681],[21.4284,60.9604],[21.4401,60.9453],[21.4286,60.9381],[21.4471,60.9216],[21.4404,60.9118],[21.3972,60.9319],[21.3884,60.9545],[21.3517,60.9616],[21.3157,60.9976],[21.2993,61.0052],[21.2574,60.9921],[21.2505,60.9766],[21.3216,60.9587],[21.3092,60.9423],[21.3196,60.9285],[21.2866,60.9191],[21.2492,60.926],[21.2065,60.9077],[21.2256,60.8946],[21.2559,60.8921],[21.1994,60.8833],[21.1746,60.8703],[21.2033,60.8574],[21.2018,60.8423],[21.2423,60.8396],[21.2596,60.8289],[21.281,60.8341],[21.3216,60.8116],[21.3792,60.8262],[21.3963,60.8098],[21.3765,60.8031],[21.408,60.7891],[21.3852,60.7778],[21.4043,60.7645],[21.4574,60.7463],[21.4309,60.7423],[21.4613,60.7029],[21.4096,60.7164],[21.3732,60.7192],[21.423,60.7231],[21.4266,60.7325],[21.3994,60.7616],[21.372,60.765],[21.3887,60.7523],[21.3926,60.7334],[21.3662,60.7283],[21.342,60.7064],[21.3422,60.6838],[21.3979,60.6609],[21.4239,60.6433],[21.4473,60.6513],[21.4615,60.6325],[21.3944,60.6352],[21.4386,60.6134],[21.4293,60.6017],[21.4646,60.5814],[21.5154,60.5801],[21.5615,60.5639],[21.5711,60.5473],[21.6094,60.5203],[21.5756,60.5028],[21.5922,60.4962],[21.6262,60.5003],[21.6575,60.5175],[21.6818,60.5592],[21.6831,60.5881],[21.763,60.5965],[21.8199,60.6339],[21.8345,60.6368],[21.8459,60.6151],[21.8197,60.5947],[21.8249,60.5627],[21.8022,60.5053],[21.7659,60.5021],[21.7381,60.4919],[21.7678,60.4744],[21.775,60.4959],[21.7983,60.4902],[21.8196,60.4993],[21.864,60.4933],[21.8833,60.4802],[21.9003,60.4893],[21.8739,60.5169],[21.8651,60.5493],[21.8861,60.5425],[21.9115,60.5471],[21.9217,60.5256],[21.9642,60.5362],[21.963,60.5069],[21.9979,60.5119],[21.981,60.4983],[21.9934,60.4878],[22.0241,60.4902],[22.0325,60.4753],[22.0161,60.4644],[22.1032,60.4474],[22.1254,60.4719],[22.1202,60.4448],[22.1367,60.4399],[22.2016,60.4462],[22.2725,60.4068],[22.2941,60.3843],[22.3851,60.3964],[22.4959,60.4192],[22.5036,60.4141],[22.4713,60.3916],[22.4967,60.3823],[22.5536,60.3854],[22.588,60.3769],[22.6322,60.4014],[22.625,60.3837],[22.6018,60.3617],[22.5635,60.354],[22.5524,60.3273],[22.5146,60.3095],[22.4542,60.2648],[22.4974,60.2536],[22.5313,60.2684],[22.5632,60.2698],[22.5672,60.2597],[22.5915,60.2605],[22.5938,60.2461],[22.5574,60.2318],[22.53,60.2288],[22.5207,60.2135],[22.5701,60.2165],[22.6189,60.2367],[22.6807,60.2456],[22.7194,60.2444],[22.7925,60.2565],[22.864,60.2897],[22.8753,60.3064],[22.9625,60.3232],[22.9971,60.336],[23.0283,60.3343],[23.026,60.3449],[23.0538,60.356],[23.0677,60.3764],[23.0882,60.365],[23.0608,60.3541],[23.0342,60.3127],[23.0055,60.2869],[22.9781,60.286],[22.9733,60.2715],[22.9476,60.2644],[22.9507,60.2487],[22.9046,60.2257],[22.8721,60.2004],[22.89,60.1825],[22.8729,60.1734],[22.8772,60.1566],[22.9058,60.1422],[22.9839,60.1283],[23.036,60.1395],[23.0268,60.1227],[23.0531,60.1294],[23.0255,60.1116],[23.028,60.1016]]],[[[22.8727,60.0699],[22.8859,60.0799],[22.9313,60.0894],[22.9532,60.0836],[22.9689,60.1033],[22.9485,60.1227],[22.9101,60.1241],[22.8673,60.1036],[22.8694,60.0867],[22.8565,60.0739],[22.8727,60.0699]]],[[[22.8171,60.031],[22.8191,60.0464],[22.8007,60.0501],[22.8171,60.031]]],[[[22.7569,60.0063],[22.7464,60.0291],[22.7612,60.0309],[22.7622,60.012],[22.7829,60.018],[22.7869,60.0367],[22.7537,60.0438],[22.7769,60.0467],[22.7717,60.0771],[22.8356,60.093],[22.8574,60.128],[22.8803,60.1352],[22.8557,60.1418],[22.8669,60.152],[22.8565,60.1665],[22.8295,60.175],[22.8635,60.1833],[22.8524,60.1984],[22.857,60.2148],[22.8962,60.223],[22.9048,60.2515],[22.9354,60.2584],[22.9837,60.3001],[22.9536,60.3145],[22.9063,60.301],[22.9022,60.2808],[22.8711,60.2693],[22.8623,60.2429],[22.7901,60.2346],[22.7395,60.238],[22.6421,60.2275],[22.6086,60.2284],[22.5916,60.2109],[22.5379,60.2033],[22.5259,60.2092],[22.4609,60.203],[22.4145,60.1813],[22.4199,60.1574],[22.453,60.1669],[22.4913,60.1581],[22.5396,60.1621],[22.5585,60.1536],[22.5083,60.1503],[22.4412,60.139],[22.4265,60.126],[22.4502,60.1145],[22.493,60.1053],[22.4749,60.1032],[22.4882,60.0843],[22.4773,60.0746],[22.4607,60.0968],[22.4246,60.1104],[22.3924,60.093],[22.365,60.0892],[22.3633,60.06],[22.3856,60.0315],[22.3838,60.0051],[22.4043,60.0086],[22.3941,60.0313],[22.4057,60.0327],[22.4061,60.0096],[22.4324,60.0196],[22.4501,59.9982],[22.4742,60.0112],[22.5082,60.0156],[22.5495,60.0311],[22.5746,60.0326],[22.586,60.0211],[22.6065,60.0298],[22.6276,60.0153],[22.649,60.0242],[22.6739,60.0461],[22.6925,60.0078],[22.7227,60.017],[22.7569,60.0063]]],[[[22.6151,59.9988],[22.6416,60.0147],[22.6208,60.0134],[22.6151,59.9988]]],[[[22.8715,60.0045],[22.8828,60.0322],[22.9139,60.0405],[22.918,60.062],[22.9079,60.072],[22.8645,60.0632],[22.8489,60.0524],[22.8865,60.0514],[22.8903,60.0425],[22.8524,60.0439],[22.8612,60.0328],[22.8523,60.0133],[22.8715,60.0045]]],[[[22.9263,60.0049],[22.9711,60.0432],[22.9492,60.0517],[22.9223,60.0381],[22.9263,60.0049]]],[[[22.6776,59.9913],[22.6868,60.0007],[22.6717,60.0351],[22.6533,60.0115],[22.6776,59.9913]]],[[[22.4111,59.9752],[22.4328,59.9897],[22.4175,60.0004],[22.4111,59.9752]]],[[[21.7483,59.9417],[21.7792,59.9551],[21.778,59.97],[21.7449,59.9649],[21.7483,59.9417]]],[[[22.3579,59.9638],[22.3615,59.9926],[22.348,59.9923],[22.3385,59.9658],[22.3579,59.9638]]],[[[22.4377,59.9596],[22.4607,59.9695],[22.4407,59.9869],[22.4377,59.9596]]],[[[22.5125,59.9584],[22.5597,59.9721],[22.5598,59.9817],[22.5198,59.9881],[22.5019,59.9832],[22.5125,59.9584]]],[[[22.637,59.9601],[22.6398,59.9758],[22.612,59.9905],[22.6082,59.9668],[22.637,59.9601]]],[[[22.5529,59.9545],[22.5694,59.9672],[22.5147,59.9571],[22.5529,59.9545]]],[[[21.7836,59.9124],[21.7893,59.932],[21.772,59.9303],[21.7836,59.9124]]],[[[22.345,59.9325],[22.373,59.9502],[22.3699,59.9604],[22.3351,59.9607],[22.3301,59.9495],[22.345,59.9325]]],[[[22.6359,59.9367],[22.6268,59.9495],[22.6467,59.954],[22.6116,59.9658],[22.5868,59.959],[22.6359,59.9367]]],[[[22.3576,59.921],[22.3757,59.9364],[22.3447,59.9275],[22.3576,59.921]]],[[[22.4982,59.9237],[22.5184,59.9414],[22.497,59.9543],[22.4982,59.9237]]],[[[22.4079,59.9206],[22.4226,59.9255],[22.4359,59.9655],[22.424,59.9795],[22.4153,59.9618],[22.3935,59.9476],[22.4079,59.9206]]],[[[22.4737,59.9214],[22.4639,59.9415],[22.4579,59.9253],[22.4737,59.9214]]],[[[22.3542,59.9056],[22.3714,59.9082],[22.3744,59.9246],[22.3542,59.9056]]],[[[22.3729,59.8918],[22.4024,59.9001],[22.3693,59.9005],[22.3729,59.8918]]],[[[22.5452,59.8958],[22.5605,59.9067],[22.5366,59.9061],[22.5452,59.8958]]],[[[22.1907,59.8673],[22.2134,59.8764],[22.1804,59.8759],[22.1907,59.8673]]],[[[22.4827,59.8754],[22.5272,59.8912],[22.5261,59.9003],[22.48,59.8908],[22.4827,59.8754]]],[[[22.4181,59.8475],[22.4712,59.8625],[22.506,59.8666],[22.5132,59.8782],[22.442,59.8644],[22.4132,59.8643],[22.4181,59.8475]]],[[[21.578,59.8155],[21.6335,59.8308],[21.6057,59.8332],[21.578,59.8155]]],[[[22.3946,59.8434],[22.3996,59.8608],[22.3733,59.847],[22.3946,59.8434]]],[[[22.3133,59.802],[22.3407,59.8086],[22.3215,59.8213],[22.3133,59.802]]]]},"properties":{"code":"MK02","name":"Varsinais-Suomi","hasData":true}},{"type":"Feature","geometry":{"type":"MultiPolygon","coordinates":[[[[21.4642,61.6493],[21.4736,61.6571],[21.4313,61.681],[21.4149,61.6787],[21.4642,61.6493]]],[[[21.505,61.6184],[21.5301,61.6332],[21.4723,61.6459],[21.4782,61.6271],[21.445,61.6246],[21.505,61.6184]]],[[[21.4549,61.6045],[21.4256,61.6211],[21.441,61.6276],[21.4134,61.6398],[21.3857,61.6362],[21.395,61.6261],[21.4549,61.6045]]],[[[21.4963,61.3847],[21.5007,61.3936],[21.4431,61.4078],[21.4963,61.3847]]],[[[21.4369,61.3599],[21.4382,61.374],[21.4195,61.3759],[21.4369,61.3599]]],[[[21.508,61.3408],[21.4977,61.3548],[21.4748,61.347],[21.508,61.3408]]],[[[21.5123,61.2183],[21.5202,61.2388],[21.4866,61.2484],[21.4391,61.2498],[21.4255,61.2358],[21.4528,61.2356],[21.5123,61.2183]]],[[[21.435,61.1947],[21.4611,61.198],[21.4075,61.214],[21.435,61.1947]]],[[[21.3673,61.1721],[21.411,61.1847],[21.3737,61.1984],[21.4023,61.2096],[21.36,61.2148],[21.3568,61.1977],[21.3358,61.1941],[21.3527,61.1737],[21.3673,61.1721]]],[[[21.4199,61.0473],[21.4272,61.0274],[21.4747,61.0092],[21.4802,60.9995],[21.5664,61.0092],[21.607,61.0107],[21.5911,61.0288],[21.6212,61.0518],[21.6514,61.0174],[21.6546,60.9999],[21.6933,61.0036],[21.7344,61.0009],[21.766,61.0137],[21.7532,61.0266],[21.7758,61.0341],[21.8252,61.0342],[21.805,61.0201],[21.8441,61.0094],[21.877,60.9828],[21.903,60.9862],[21.9262,60.9762],[21.9514,60.9769],[21.9442,60.9465],[21.9968,60.9125],[21.9852,60.901],[22.1285,60.9042],[22.1603,60.872],[22.1888,60.901],[22.2413,60.9238],[22.3131,60.916],[22.3646,60.9318],[22.4146,60.9358],[22.5197,60.9511],[22.5862,60.9388],[22.5225,60.9764],[22.5791,60.9902],[22.7015,60.9869],[22.7094,60.9826],[22.7798,60.9942],[22.8159,60.9934],[22.8249,61.0265],[22.8073,61.0412],[22.8237,61.042],[22.8369,61.0691],[22.8163,61.0788],[22.8239,61.1014],[22.8698,61.0838],[22.8891,61.0568],[22.9264,61.0549],[22.9357,61.0448],[22.9685,61.0433],[22.9599,61.0588],[23.0013,61.0707],[22.9955,61.0878],[22.9363,61.0729],[22.9157,61.0865],[22.9719,61.1159],[22.9424,61.1244],[22.9242,61.142],[22.9151,61.1788],[22.9561,61.1766],[22.9342,61.205],[22.8455,61.2294],[22.7679,61.2463],[22.6454,61.2466],[22.6188,61.2917],[22.5595,61.3309],[22.5914,61.3421],[22.5584,61.3943],[22.5742,61.3969],[22.5614,61.4196],[22.5092,61.4281],[22.4342,61.4889],[22.5825,61.5483],[22.6027,61.5425],[22.6409,61.5612],[22.6458,61.5841],[22.6961,61.5998],[22.6609,61.6417],[22.7043,61.6239],[22.7249,61.645],[22.7126,61.6687],[22.6895,61.6749],[22.6854,61.6606],[22.655,61.6541],[22.6472,61.6965],[22.6873,61.6991],[22.6794,61.7258],[22.6992,61.7394],[22.719,61.7364],[22.7285,61.7498],[22.759,61.7569],[22.7766,61.7523],[22.8022,61.7678],[22.8284,61.8152],[22.7918,61.8343],[22.7669,61.8546],[22.7474,61.8485],[22.7367,61.86],[22.7882,61.8706],[22.7821,61.8807],[22.7348,61.8898],[22.7387,61.9106],[22.6832,61.9216],[22.6466,61.9521],[22.655,61.9653],[22.5946,61.9741],[22.5226,61.9981],[22.564,62.0107],[22.6021,62.0371],[22.6838,62.0537],[22.6959,62.0509],[22.7802,62.0607],[22.7643,62.1416],[22.7709,62.1544],[22.8616,62.1726],[22.8415,62.1869],[22.8477,62.1968],[22.8313,62.2709],[22.7456,62.2733],[22.5917,62.3111],[22.5248,62.2102],[22.5053,62.2135],[22.4504,62.1985],[22.3201,62.1031],[22.1987,62.1033],[22.1084,62.0318],[21.9747,61.9798],[21.7494,62.0159],[21.7026,62.0209],[21.6478,62.0196],[21.524,62.0246],[21.4266,62.0096],[21.3603,61.96],[21.3292,61.9538],[21.3655,61.9389],[21.3968,61.9564],[21.4386,61.9166],[21.4218,61.9133],[21.4604,61.889],[21.4924,61.8371],[21.489,61.8287],[21.5239,61.8255],[21.5179,61.7998],[21.4953,61.7913],[21.4948,61.8063],[21.4301,61.8095],[21.4465,61.7906],[21.4887,61.7766],[21.5089,61.7777],[21.5515,61.7536],[21.5755,61.7327],[21.6019,61.7211],[21.5408,61.7336],[21.5511,61.7249],[21.5377,61.711],[21.5559,61.6933],[21.5301,61.6957],[21.5545,61.6763],[21.5564,61.6618],[21.5809,61.6581],[21.6149,61.6233],[21.6129,61.6119],[21.648,61.5911],[21.661,61.572],[21.6976,61.5548],[21.6783,61.5517],[21.6152,61.5645],[21.6143,61.5725],[21.5743,61.5744],[21.5423,61.5847],[21.5168,61.6023],[21.4956,61.5906],[21.486,61.5666],[21.5149,61.5692],[21.5378,61.5336],[21.5858,61.5292],[21.6322,61.5145],[21.6296,61.5057],[21.5605,61.5],[21.5006,61.5106],[21.4637,61.5115],[21.4831,61.4952],[21.5183,61.4799],[21.5376,61.482],[21.5627,61.4706],[21.5704,61.4565],[21.5947,61.4475],[21.5893,61.4308],[21.5615,61.4242],[21.509,61.4348],[21.4647,61.438],[21.4486,61.4289],[21.5272,61.4074],[21.5516,61.3858],[21.5266,61.3712],[21.5292,61.3549],[21.5704,61.3453],[21.5397,61.3201],[21.5621,61.3115],[21.4942,61.3038],[21.5215,61.2839],[21.4876,61.2813],[21.4929,61.2632],[21.6072,61.2303],[21.5936,61.2139],[21.5441,61.2332],[21.5066,61.215],[21.5089,61.1996],[21.5273,61.1863],[21.4909,61.1973],[21.4416,61.1927],[21.4429,61.1649],[21.4787,61.1419],[21.4363,61.1354],[21.4282,61.127],[21.4614,61.1273],[21.4439,61.1025],[21.4755,61.0895],[21.4122,61.0837],[21.3889,61.0937],[21.3828,61.0808],[21.4245,61.0745],[21.4199,61.0473]]]]},"properties":{"code":"MK04","name":"Satakunta","hasData":true}},{"type":"Feature","geometry":{"type":"Polygon","coordinates":[[[23.9005,60.6498],[23.9179,60.6538],[23.9614,60.6381],[24.0411,60.6445],[24.0843,60.6281],[24.1348,60.6231],[24.1749,60.6281],[24.2373,60.6181],[24.2342,60.6015],[24.2854,60.5654],[24.3056,60.571],[24.2933,60.5844],[24.3477,60.6122],[24.4104,60.5921],[24.3984,60.5772],[24.4237,60.5525],[24.549,60.5598],[24.5773,60.5858],[24.5629,60.6025],[24.566,60.6371],[24.6159,60.6676],[24.6913,60.6493],[24.7399,60.6475],[24.7642,60.6599],[24.7793,60.6539],[24.8095,60.6728],[24.8356,60.6593],[24.9209,60.6629],[24.9326,60.6737],[25.0349,60.685],[25.0619,60.6693],[25.1125,60.6616],[25.0842,60.6992],[25.1461,60.7165],[25.1929,60.7247],[25.1455,60.7315],[25.1187,60.7467],[25.0679,60.7146],[25.0583,60.725],[25.0906,60.7629],[25.1524,60.7684],[25.1549,60.7784],[25.1021,60.8098],[25.111,60.8186],[25.0924,60.8223],[25.0786,60.8392],[25.089,60.861],[25.1081,60.8651],[25.0938,60.919],[25.0463,60.9277],[25.0075,60.9279],[25.0259,60.9617],[25.0594,60.9859],[25.0274,60.9936],[25.0454,61.0166],[25.0287,61.0309],[25.057,61.0501],[25.1523,61.063],[25.1701,61.074],[25.1981,61.0762],[25.2127,61.1034],[25.2399,61.1146],[25.2364,61.1399],[25.258,61.1598],[25.2599,61.1859],[25.2235,61.2122],[25.1998,61.2221],[25.2028,61.2409],[25.187,61.24],[25.0968,61.256],[25.0294,61.2462],[25.0128,61.2911],[24.9759,61.2754],[24.9488,61.2906],[24.9207,61.2865],[24.9139,61.3249],[24.8789,61.2978],[24.8913,61.2874],[24.8446,61.2775],[24.7706,61.2677],[24.7317,61.3175],[24.7083,61.2724],[24.6664,61.2767],[24.5948,61.2913],[24.5737,61.3039],[24.5202,61.2908],[24.4566,61.2675],[24.4031,61.2535],[24.3024,61.2332],[24.2826,61.2401],[24.258,61.2182],[24.2973,61.1916],[24.2355,61.1514],[24.139,61.1432],[24.142,61.1232],[24.1111,61.1283],[24.0263,61.1196],[23.9078,61.0872],[23.845,61.0744],[23.8045,61.0794],[23.7568,61.0574],[23.8037,61.051],[23.7926,61.0252],[23.8656,61.0373],[23.8785,61.022],[23.8345,61.0026],[23.8154,61.0007],[23.8525,60.9805],[23.8649,60.9536],[23.8394,60.9397],[23.795,60.9891],[23.7666,60.9971],[23.7359,60.9921],[23.7376,61.0037],[23.7123,61.009],[23.6851,61.0029],[23.6185,61.0025],[23.586,60.9841],[23.5664,61.001],[23.531,60.9874],[23.5108,60.9935],[23.4578,60.9831],[23.4741,60.9635],[23.3947,60.9791],[23.3625,61.0145],[23.3359,61.01],[23.2681,61.0199],[23.2662,61.0065],[23.2133,61.0069],[23.1954,61.0012],[23.2554,60.9635],[23.2939,60.9547],[23.2913,60.9179],[23.2531,60.9195],[23.2667,60.8891],[23.1552,60.8924],[23.1356,60.8835],[23.1426,60.8375],[23.2213,60.8296],[23.2301,60.8254],[23.1949,60.8134],[23.1546,60.7742],[23.1814,60.7583],[23.2549,60.7281],[23.2773,60.7111],[23.2791,60.7261],[23.3335,60.7179],[23.4086,60.7398],[23.4544,60.7487],[23.5021,60.744],[23.5003,60.7274],[23.5295,60.7184],[23.5392,60.7043],[23.5759,60.6943],[23.6259,60.6938],[23.6816,60.6832],[23.6729,60.6707],[23.6841,60.6572],[23.7138,60.6638],[23.7479,60.6533],[23.8142,60.6561],[23.9005,60.6498]]]},"properties":{"code":"MK05","name":"Kanta-Häme","hasData":true}},{"type":"Feature","geometry":{"type":"Polygon","coordinates":[[[26.5137,61.2743],[26.5496,61.277],[26.5617,61.2706],[26.6291,61.2926],[26.6711,61.2436],[26.6299,61.221],[26.6613,61.2069],[26.7454,61.2297],[26.7818,61.27],[26.8523,61.2837],[26.878,61.2781],[26.8967,61.2441],[26.9295,61.21],[26.9121,61.1832],[27.0312,61.1521],[27.0963,61.1553],[27.1209,61.1644],[27.2058,61.1625],[27.2691,61.1656],[27.302,61.1772],[27.3155,61.1681],[27.3555,61.1735],[27.3588,61.1949],[27.3878,61.2023],[27.3643,61.2393],[27.4333,61.2477],[27.4303,61.2716],[27.5076,61.2698],[27.5439,61.2567],[27.577,61.2632],[27.5964,61.2808],[27.5428,61.2892],[27.5574,61.3036],[27.5843,61.2998],[27.6083,61.308],[27.5912,61.3381],[27.6147,61.3454],[27.6467,61.3439],[27.6963,61.3298],[27.7545,61.3291],[27.7926,61.3621],[27.8558,61.3512],[27.9312,61.3504],[28.0599,61.3555],[28.2522,61.3797],[28.2855,61.3912],[28.3077,61.4169],[28.3398,61.4163],[28.3424,61.4317],[28.4266,61.4568],[28.4195,61.4846],[28.4401,61.5116],[28.4629,61.499],[28.4908,61.5134],[28.5254,61.4981],[28.5234,61.4778],[28.5774,61.4757],[28.5886,61.4685],[28.6781,61.4683],[28.6842,61.4767],[28.7196,61.4832],[28.7914,61.4778],[28.7927,61.4953],[28.8142,61.5016],[28.8118,61.5358],[28.8867,61.5273],[28.9561,61.5407],[28.9726,61.5362],[29.049,61.5337],[29.2203,61.5601],[29.2616,61.5578],[29.2949,61.597],[29.4042,61.6539],[29.4585,61.669],[29.5383,61.6839],[29.549,61.6901],[29.5593,61.7221],[29.5707,61.7361],[29.6147,61.756],[29.6384,61.7606],[29.6759,61.7917],[29.6896,61.8203],[29.6883,61.8377],[29.6654,61.8551],[29.6968,61.8644],[29.6149,61.9133],[29.6162,61.9357],[29.6604,61.9769],[29.5664,62.0248],[29.5724,62.0301],[29.514,62.0398],[29.4823,62.0567],[29.4595,62.0812],[29.4073,62.2018],[29.4301,62.2365],[29.394,62.2504],[29.3075,62.3343],[29.296,62.3867],[29.2677,62.4077],[29.2308,62.4178],[29.1992,62.402],[29.1742,62.4074],[29.1608,62.398],[29.1836,62.3628],[29.1595,62.3559],[29.1682,62.3321],[29.1244,62.3265],[29.0895,62.343],[29.0409,62.3212],[29.0051,62.3274],[28.9853,62.3106],[28.9514,62.2992],[28.972,62.2906],[28.9351,62.286],[28.9509,62.2768],[28.9267,62.257],[28.8886,62.2637],[28.8597,62.2529],[28.8477,62.2643],[28.7903,62.2778],[28.7793,62.2934],[28.7528,62.2868],[28.7467,62.2533],[28.794,62.2106],[28.7797,62.2049],[28.738,62.217],[28.7159,62.2355],[28.7018,62.2238],[28.66,62.2392],[28.6528,62.2313],[28.6583,62.2038],[28.6316,62.2096],[28.632,62.1956],[28.6517,62.1912],[28.613,62.158],[28.6162,62.141],[28.5625,62.1704],[28.5535,62.185],[28.5235,62.1849],[28.5045,62.2015],[28.4708,62.2013],[28.3276,62.2222],[28.3048,62.2321],[28.2644,62.2291],[28.2258,62.2106],[28.1812,62.2283],[28.1083,62.2264],[28.0599,62.2436],[28.0921,62.2088],[28.027,62.2053],[28.0268,62.1704],[28.0801,62.1164],[28.0418,62.1131],[28.0147,62.0974],[27.9742,62.1007],[27.9986,62.0861],[27.9987,62.0615],[27.9467,62.0881],[27.927,62.0824],[27.9447,62.0586],[27.9341,62.0505],[27.8613,62.0391],[27.8863,62.0149],[27.8718,62.0065],[27.8513,62.0143],[27.7936,61.9878],[27.7688,62.0017],[27.6999,62.0086],[27.6531,62.0278],[27.6158,62.0506],[27.639,62.0643],[27.6141,62.0763],[27.6458,62.088],[27.6252,62.1029],[27.6391,62.1238],[27.6183,62.1435],[27.6309,62.1502],[27.6016,62.1571],[27.5662,62.1476],[27.5336,62.1971],[27.5014,62.2338],[27.5327,62.2269],[27.5575,62.2371],[27.4937,62.2748],[27.5187,62.2876],[27.5563,62.2771],[27.5881,62.2904],[27.6059,62.2785],[27.6319,62.283],[27.6268,62.3047],[27.6477,62.3206],[27.693,62.333],[27.6755,62.3521],[27.6919,62.3748],[27.6856,62.3886],[27.6526,62.3998],[27.6299,62.4196],[27.5726,62.4481],[27.4647,62.4708],[27.4085,62.5039],[27.3856,62.5055],[27.3636,62.53],[27.3445,62.5229],[27.3377,62.4971],[27.3025,62.4859],[27.2898,62.4639],[27.2678,62.4628],[27.2507,62.4798],[27.2111,62.4788],[27.1894,62.4701],[27.1955,62.456],[27.1667,62.4592],[27.1702,62.4761],[27.1141,62.5062],[27.1021,62.4848],[27.0814,62.4885],[27.0613,62.4713],[26.9971,62.4695],[26.9705,62.489],[26.9512,62.4755],[26.9718,62.4543],[26.9514,62.4426],[26.9363,62.4568],[26.9054,62.4657],[26.8795,62.4855],[26.8334,62.4682],[26.8168,62.4541],[26.8326,62.443],[26.7607,62.424],[26.7091,62.4529],[26.7055,62.427],[26.6805,62.4038],[26.7344,62.3791],[26.7761,62.3541],[26.669,62.3419],[26.662,62.327],[26.6832,62.3077],[26.6108,62.295],[26.6325,62.2834],[26.6287,62.2656],[26.6526,62.2169],[26.6269,62.2114],[26.5904,62.2309],[26.544,62.2656],[26.4784,62.247],[26.4963,62.2289],[26.4496,62.2127],[26.435,62.2264],[26.4148,62.2079],[26.3651,62.2071],[26.3302,62.1928],[26.3159,62.2005],[26.2207,62.1186],[26.3317,62.0368],[26.4146,61.9729],[26.3342,61.9508],[26.343,61.9007],[26.3243,61.88],[26.3781,61.8831],[26.3711,61.8705],[26.3891,61.8542],[26.3773,61.8461],[26.3767,61.8136],[26.3672,61.8079],[26.4258,61.7963],[26.4842,61.7507],[26.5271,61.7046],[26.5155,61.6271],[26.4453,61.6403],[26.3772,61.6578],[26.3787,61.6495],[26.3489,61.6344],[26.3548,61.6219],[26.315,61.6084],[26.3197,61.572],[26.2612,61.5799],[26.2994,61.5451],[26.2925,61.525],[26.2685,61.5241],[26.2561,61.5093],[26.2866,61.4819],[26.2933,61.4644],[26.2437,61.4465],[26.2648,61.4258],[26.3197,61.3987],[26.2865,61.3763],[26.2875,61.3663],[26.3182,61.3709],[26.3158,61.3598],[26.3996,61.322],[26.4109,61.3254],[26.4831,61.3228],[26.5046,61.2803],[26.5137,61.2743]]]},"properties":{"code":"MK10","name":"Etelä-Savo","hasData":true}},{"type":"Feature","geometry":{"type":"Polygon","coordinates":[[[23.1954,61.0012],[23.2133,61.0069],[23.2662,61.0065],[23.2681,61.0199],[23.3359,61.01],[23.3625,61.0145],[23.3947,60.9791],[23.4741,60.9635],[23.4578,60.9831],[23.5108,60.9935],[23.531,60.9874],[23.5664,61.001],[23.586,60.9841],[23.6185,61.0025],[23.6851,61.0029],[23.7123,61.009],[23.7376,61.0037],[23.7359,60.9921],[23.7666,60.9971],[23.795,60.9891],[23.8394,60.9397],[23.8649,60.9536],[23.8525,60.9805],[23.8154,61.0007],[23.8345,61.0026],[23.8785,61.022],[23.8656,61.0373],[23.7926,61.0252],[23.8037,61.051],[23.7568,61.0574],[23.8045,61.0794],[23.845,61.0744],[23.9078,61.0872],[24.0263,61.1196],[24.1111,61.1283],[24.142,61.1232],[24.139,61.1432],[24.2355,61.1514],[24.2973,61.1916],[24.258,61.2182],[24.2826,61.2401],[24.3024,61.2332],[24.4031,61.2535],[24.4566,61.2675],[24.5202,61.2908],[24.5737,61.3039],[24.5948,61.2913],[24.6664,61.2767],[24.7083,61.2724],[24.7317,61.3175],[24.7706,61.2677],[24.8446,61.2775],[24.8913,61.2874],[24.8789,61.2978],[24.9139,61.3249],[24.8893,61.3557],[24.9048,61.3887],[24.894,61.3913],[24.9124,61.4158],[24.8769,61.4372],[24.8555,61.4694],[24.86,61.476],[24.9705,61.4507],[25.1181,61.473],[25.1478,61.4592],[25.1833,61.4784],[25.2561,61.4727],[25.2758,61.4802],[25.4374,61.4869],[25.5066,61.6339],[25.5013,61.6769],[25.497,61.7046],[25.5009,61.763],[25.5352,61.7796],[25.4123,61.7553],[25.3934,61.7229],[25.3728,61.7131],[25.3578,61.7196],[25.2652,61.7265],[25.2639,61.7392],[25.2356,61.7264],[25.2186,61.7367],[25.1903,61.7294],[25.1502,61.7391],[24.9793,61.7869],[24.9607,61.7802],[25.0035,61.7313],[24.9788,61.7218],[24.9591,61.7283],[24.9666,61.7448],[24.9501,61.7439],[24.9135,61.7065],[24.9307,61.6849],[24.9642,61.6618],[24.949,61.641],[24.9603,61.6307],[24.9181,61.631],[24.8882,61.6473],[24.8337,61.65],[24.812,61.66],[24.855,61.6732],[24.7914,61.6904],[24.7675,61.6759],[24.736,61.6938],[24.7486,61.7191],[24.7216,61.7634],[24.7246,61.7794],[24.7705,61.769],[24.7835,61.7589],[24.8152,61.7543],[24.8207,61.7701],[24.7728,61.8015],[24.7298,61.8133],[24.6667,61.863],[24.6133,61.8872],[24.5802,61.8965],[24.552,61.9123],[24.5246,61.9093],[24.5582,61.9515],[24.5835,61.9516],[24.6011,61.9621],[24.6213,61.9925],[24.6865,62.003],[24.7309,62.0232],[24.7039,62.0467],[24.6683,62.0494],[24.6668,62.0895],[24.6737,62.1155],[24.6237,62.1279],[24.6017,62.1394],[24.5602,62.1857],[24.4982,62.1971],[24.427,62.173],[24.4407,62.158],[24.4275,62.1527],[24.3892,62.1664],[24.3381,62.1708],[24.2933,62.1953],[24.2527,62.2523],[24.1445,62.2525],[24.0808,62.2764],[24.0758,62.297],[24.0248,62.3133],[24.013,62.3633],[23.9954,62.3769],[23.9242,62.3906],[23.9018,62.4357],[23.9121,62.4575],[23.8991,62.4845],[23.8674,62.4854],[23.8682,62.4602],[23.8391,62.4596],[23.8352,62.4943],[23.8038,62.478],[23.8174,62.4668],[23.7598,62.4557],[23.6637,62.4086],[23.5034,62.4146],[23.5181,62.3681],[23.475,62.3827],[23.4452,62.3754],[23.3901,62.3892],[23.3378,62.4251],[23.2751,62.4079],[23.2178,62.3342],[22.8969,62.269],[22.8313,62.2709],[22.8477,62.1968],[22.8415,62.1869],[22.8616,62.1726],[22.7709,62.1544],[22.7643,62.1416],[22.7802,62.0607],[22.6959,62.0509],[22.6838,62.0537],[22.6021,62.0371],[22.564,62.0107],[22.5226,61.9981],[22.5946,61.9741],[22.655,61.9653],[22.6466,61.9521],[22.6832,61.9216],[22.7387,61.9106],[22.7348,61.8898],[22.7821,61.8807],[22.7882,61.8706],[22.7367,61.86],[22.7474,61.8485],[22.7669,61.8546],[22.7918,61.8343],[22.8284,61.8152],[22.8022,61.7678],[22.7766,61.7523],[22.759,61.7569],[22.7285,61.7498],[22.719,61.7364],[22.6992,61.7394],[22.6794,61.7258],[22.6873,61.6991],[22.6472,61.6965],[22.655,61.6541],[22.6854,61.6606],[22.6895,61.6749],[22.7126,61.6687],[22.7249,61.645],[22.7043,61.6239],[22.6609,61.6417],[22.6961,61.5998],[22.6458,61.5841],[22.6409,61.5612],[22.6027,61.5425],[22.5825,61.5483],[22.4342,61.4889],[22.5092,61.4281],[22.5614,61.4196],[22.5742,61.3969],[22.5584,61.3943],[22.5914,61.3421],[22.5595,61.3309],[22.6188,61.2917],[22.6454,61.2466],[22.7679,61.2463],[22.8455,61.2294],[22.9342,61.205],[22.9561,61.1766],[22.9151,61.1788],[22.9242,61.142],[22.9424,61.1244],[22.9719,61.1159],[22.9157,61.0865],[22.9363,61.0729],[22.9955,61.0878],[23.0013,61.0707],[22.9599,61.0588],[22.9685,61.0433],[23.0163,61.0224],[23.0554,61.031],[23.1481,61.0314],[23.165,61.0054],[23.1954,61.0012]]]},"properties":{"code":"MK06","name":"Pirkanmaa","hasData":true}},{"type":"Feature","geometry":{"type":"Polygon","coordinates":[[[25.111,60.8186],[25.1893,60.8203],[25.2091,60.8409],[25.2212,60.804],[25.2847,60.7762],[25.2981,60.752],[25.3191,60.761],[25.3822,60.7534],[25.4333,60.7954],[25.4745,60.7927],[25.5136,60.7481],[25.5254,60.7194],[25.5193,60.7039],[25.6109,60.6715],[25.6572,60.6907],[25.6795,60.6915],[25.723,60.7184],[25.7468,60.7081],[25.8349,60.715],[25.8594,60.732],[25.9149,60.7359],[25.9335,60.7059],[26.0278,60.7166],[26.1092,60.6864],[26.1418,60.6905],[26.2143,60.7163],[26.2238,60.7293],[26.2084,60.758],[26.2531,60.7481],[26.2537,60.761],[26.3001,60.7492],[26.3744,60.7611],[26.3684,60.7688],[26.3969,60.7794],[26.3789,60.8055],[26.4528,60.8166],[26.5114,60.8406],[26.46,60.8735],[26.5386,60.8719],[26.545,60.8838],[26.5354,60.9376],[26.4954,60.9907],[26.5044,61.0098],[26.4602,61.0142],[26.423,61.0121],[26.3863,61.0277],[26.3551,61.0226],[26.3462,61.0005],[26.2658,61.0117],[26.2491,61.0399],[26.2673,61.0698],[26.311,61.1067],[26.2565,61.1053],[26.2345,61.13],[26.269,61.1495],[26.2705,61.163],[26.3477,61.1737],[26.3855,61.1881],[26.3964,61.2137],[26.4313,61.2373],[26.425,61.2515],[26.444,61.2628],[26.4839,61.2651],[26.5137,61.2743],[26.5046,61.2803],[26.4831,61.3228],[26.4109,61.3254],[26.3996,61.322],[26.3158,61.3598],[26.3182,61.3709],[26.2875,61.3663],[26.2865,61.3763],[26.3197,61.3987],[26.2648,61.4258],[26.2437,61.4465],[26.2933,61.4644],[26.2866,61.4819],[26.2561,61.5093],[26.2685,61.5241],[26.2925,61.525],[26.2994,61.5451],[26.2612,61.5799],[26.3197,61.572],[26.315,61.6084],[26.2995,61.6274],[26.3144,61.6397],[26.2831,61.6567],[26.2671,61.6417],[26.2262,61.6417],[26.1918,61.65],[26.161,61.6161],[26.1376,61.6195],[26.1284,61.6378],[26.1052,61.6445],[26.0704,61.6724],[26.0844,61.6891],[26.0811,61.7097],[26.0525,61.7383],[26.0455,61.7257],[26.0157,61.7205],[25.9803,61.7472],[25.9839,61.7596],[25.9475,61.7713],[25.9216,61.7873],[25.9075,61.7651],[25.8585,61.7621],[25.8833,61.7946],[25.845,61.8014],[25.8561,61.7808],[25.8313,61.768],[25.7712,61.6851],[25.7428,61.6925],[25.7489,61.7048],[25.7258,61.7109],[25.6644,61.7159],[25.6391,61.6949],[25.6084,61.6807],[25.567,61.6736],[25.5013,61.6769],[25.5066,61.6339],[25.4374,61.4869],[25.2758,61.4802],[25.2561,61.4727],[25.1833,61.4784],[25.1478,61.4592],[25.1181,61.473],[24.9705,61.4507],[24.86,61.476],[24.8555,61.4694],[24.8769,61.4372],[24.9124,61.4158],[24.894,61.3913],[24.9048,61.3887],[24.8893,61.3557],[24.9139,61.3249],[24.9207,61.2865],[24.9488,61.2906],[24.9759,61.2754],[25.0128,61.2911],[25.0294,61.2462],[25.0968,61.256],[25.187,61.24],[25.2028,61.2409],[25.1998,61.2221],[25.2235,61.2122],[25.2599,61.1859],[25.258,61.1598],[25.2364,61.1399],[25.2399,61.1146],[25.2127,61.1034],[25.1981,61.0762],[25.1701,61.074],[25.1523,61.063],[25.057,61.0501],[25.0287,61.0309],[25.0454,61.0166],[25.0274,60.9936],[25.0594,60.9859],[25.0259,60.9617],[25.0075,60.9279],[25.0463,60.9277],[25.0938,60.919],[25.1081,60.8651],[25.089,60.861],[25.0786,60.8392],[25.0924,60.8223],[25.111,60.8186]]]},"properties":{"code":"MK07","name":"Päijät-Häme","hasData":true}},{"type":"Feature","geometry":{"type":"MultiPolygon","coordinates":[[[[27.3763,60.4866],[27.3619,60.4989],[27.3402,60.4889],[27.3763,60.4866]]],[[[27.3974,60.4474],[27.4189,60.4569],[27.3629,60.4749],[27.3838,60.4503],[27.3974,60.4474]]],[[[26.9386,60.4465],[26.9628,60.4664],[26.949,60.4744],[26.9203,60.4649],[26.9386,60.4465]]],[[[27.1894,60.4441],[27.1888,60.4541],[27.1565,60.4611],[27.1894,60.4441]]],[[[26.4532,60.4861],[26.4704,60.4847],[26.4848,60.4655],[26.5183,60.4479],[26.5324,60.4523],[26.552,60.4348],[26.5711,60.4313],[26.5608,60.451],[26.5967,60.4607],[26.6404,60.4542],[26.654,60.4324],[26.7094,60.432],[26.7206,60.4502],[26.746,60.4541],[26.7348,60.4801],[26.765,60.4772],[26.7811,60.4928],[26.7968,60.4865],[26.7644,60.4706],[26.7962,60.455],[26.8218,60.465],[26.8461,60.4635],[26.8561,60.4777],[26.8714,60.471],[26.8897,60.485],[26.9219,60.4665],[26.949,60.4824],[26.9213,60.4874],[26.9119,60.4984],[26.9361,60.4995],[26.9548,60.486],[26.9886,60.4988],[26.9805,60.5123],[27.0119,60.5091],[27.0224,60.518],[27.0064,60.5402],[27.0181,60.5535],[27.0398,60.5202],[27.0625,60.5377],[27.0476,60.5504],[27.093,60.532],[27.092,60.5486],[27.132,60.5262],[27.1584,60.5179],[27.1812,60.5272],[27.173,60.5621],[27.2218,60.5593],[27.2792,60.5307],[27.2558,60.5318],[27.2351,60.5455],[27.1922,60.5514],[27.2044,60.5304],[27.1965,60.5161],[27.219,60.5148],[27.229,60.5266],[27.2499,60.5258],[27.2826,60.5116],[27.3352,60.5057],[27.3654,60.5131],[27.3836,60.4952],[27.4336,60.4657],[27.4479,60.4736],[27.4754,60.4609],[27.4938,60.4651],[27.4573,60.4895],[27.4904,60.5109],[27.5178,60.4977],[27.5663,60.4884],[27.5767,60.4749],[27.6184,60.4674],[27.5685,60.5057],[27.6034,60.5136],[27.6064,60.5252],[27.6488,60.5196],[27.6107,60.5177],[27.5905,60.4923],[27.6171,60.4817],[27.6267,60.4922],[27.6787,60.4845],[27.7007,60.4948],[27.743,60.4863],[27.7448,60.5034],[27.7081,60.5191],[27.7226,60.5514],[27.7156,60.5643],[27.7373,60.5819],[27.7722,60.5788],[27.7779,60.5505],[27.7963,60.5449],[27.8475,60.5614],[27.8445,60.5805],[27.8734,60.6046],[27.9913,60.669],[27.9515,60.6672],[27.9527,60.686],[27.9019,60.6964],[27.8593,60.7411],[27.8512,60.7652],[27.7929,60.7692],[27.7733,60.7589],[27.7275,60.7628],[27.7139,60.7953],[27.6782,60.8016],[27.606,60.8058],[27.5497,60.7978],[27.5047,60.7992],[27.4528,60.8206],[27.4284,60.8426],[27.3726,60.879],[27.3047,60.8936],[27.2132,60.904],[27.1361,60.9512],[27.1294,60.9669],[27.1526,60.9531],[27.1849,60.9509],[27.2417,60.9635],[27.2192,60.9698],[27.2072,60.9997],[27.193,61.0077],[27.1733,60.998],[27.1412,61.0105],[27.1595,61.0277],[27.1469,61.0479],[27.1529,61.0708],[27.185,61.086],[27.2285,61.0902],[27.2135,61.1033],[27.1767,61.1069],[27.2183,61.1428],[27.2058,61.1625],[27.1209,61.1644],[27.0963,61.1553],[27.0312,61.1521],[26.9121,61.1832],[26.9295,61.21],[26.8967,61.2441],[26.878,61.2781],[26.8523,61.2837],[26.7818,61.27],[26.7454,61.2297],[26.6613,61.2069],[26.6299,61.221],[26.6711,61.2436],[26.6291,61.2926],[26.5617,61.2706],[26.5496,61.277],[26.5137,61.2743],[26.4839,61.2651],[26.444,61.2628],[26.425,61.2515],[26.4313,61.2373],[26.3964,61.2137],[26.3855,61.1881],[26.3477,61.1737],[26.2705,61.163],[26.269,61.1495],[26.2345,61.13],[26.2565,61.1053],[26.311,61.1067],[26.2673,61.0698],[26.2491,61.0399],[26.2658,61.0117],[26.3462,61.0005],[26.3551,61.0226],[26.3863,61.0277],[26.423,61.0121],[26.4602,61.0142],[26.5044,61.0098],[26.4954,60.9907],[26.5354,60.9376],[26.545,60.8838],[26.5386,60.8719],[26.46,60.8735],[26.5114,60.8406],[26.4528,60.8166],[26.3789,60.8055],[26.3969,60.7794],[26.3684,60.7688],[26.3744,60.7611],[26.3001,60.7492],[26.3005,60.731],[26.3315,60.7119],[26.3251,60.6967],[26.3384,60.6758],[26.3621,60.6682],[26.3471,60.6614],[26.4314,60.6496],[26.4585,60.6391],[26.4818,60.6143],[26.4835,60.5969],[26.5387,60.5952],[26.5443,60.5549],[26.5006,60.5454],[26.5112,60.5273],[26.4478,60.4924],[26.4532,60.4861]]],[[[26.9066,60.4168],[26.9189,60.4207],[26.9193,60.4456],[26.882,60.4681],[26.8709,60.4507],[26.8437,60.4479],[26.85,60.431],[26.8863,60.4328],[26.9066,60.4168]]],[[[27.0265,60.4129],[27.0197,60.4214],[27.0416,60.4369],[27.0331,60.4576],[27.01,60.4521],[27.0094,60.4389],[26.9889,60.4328],[27.0071,60.4152],[27.0265,60.4129]]],[[[26.7339,60.4064],[26.7336,60.4226],[26.7621,60.4236],[26.7412,60.4369],[26.7222,60.414],[26.7339,60.4064]]],[[[27.4221,60.3966],[27.4175,60.4167],[27.4047,60.4061],[27.4221,60.3966]]],[[[26.5461,60.3748],[26.5436,60.3963],[26.632,60.4174],[26.6599,60.4182],[26.6437,60.4347],[26.5974,60.4476],[26.5763,60.4397],[26.5788,60.425],[26.5468,60.4073],[26.5091,60.4212],[26.5048,60.407],[26.5461,60.3748]]],[[[27.0534,60.3717],[27.0654,60.3746],[27.0703,60.3981],[27.0229,60.4101],[27.0123,60.4074],[27.0381,60.3745],[27.0534,60.3717]]],[[[26.7787,60.3446],[26.7857,60.3563],[26.7609,60.3714],[26.7512,60.3554],[26.7787,60.3446]]]]},"properties":{"code":"MK08","name":"Kymenlaakso","hasData":true}},{"type":"Feature","geometry":{"type":"Polygon","coordinates":[[[27.2058,61.1625],[27.2183,61.1428],[27.1767,61.1069],[27.2135,61.1033],[27.2285,61.0902],[27.185,61.086],[27.1529,61.0708],[27.1469,61.0479],[27.1595,61.0277],[27.1412,61.0105],[27.1733,60.998],[27.193,61.0077],[27.2072,60.9997],[27.2192,60.9698],[27.2417,60.9635],[27.1849,60.9509],[27.1526,60.9531],[27.1294,60.9669],[27.1361,60.9512],[27.2132,60.904],[27.3047,60.8936],[27.3726,60.879],[27.4284,60.8426],[27.4528,60.8206],[27.5047,60.7992],[27.5497,60.7978],[27.606,60.8058],[27.6782,60.8016],[27.7139,60.7953],[27.7275,60.7628],[27.7733,60.7589],[27.7929,60.7692],[27.8512,60.7652],[27.8593,60.7411],[27.9019,60.6964],[27.9527,60.686],[27.9515,60.6672],[27.9913,60.669],[28.089,60.7206],[28.1355,60.7409],[28.1743,60.7786],[28.2205,60.7828],[28.2558,60.81],[28.4654,60.9233],[28.4837,60.929],[28.5246,60.9571],[28.5729,60.9517],[28.6148,60.9554],[28.655,60.9495],[28.684,60.9789],[28.7102,61.027],[28.7138,61.0445],[28.8074,61.096],[28.8191,61.1216],[28.8728,61.1355],[28.9569,61.1516],[28.9857,61.1738],[29.022,61.1885],[29.1619,61.2367],[29.1998,61.2564],[29.2448,61.2707],[29.3222,61.3475],[29.5031,61.4613],[29.4962,61.4919],[29.5917,61.4956],[29.6452,61.5202],[29.6432,61.5261],[29.6887,61.5521],[29.7405,61.5758],[29.7546,61.6031],[29.8032,61.635],[29.8187,61.6552],[29.8681,61.6821],[30.0381,61.7654],[30.0713,61.8189],[30.1439,61.8523],[30.1336,61.8643],[30.0824,61.8532],[29.9621,61.8218],[29.5593,61.7221],[29.549,61.6901],[29.5383,61.6839],[29.4585,61.669],[29.4042,61.6539],[29.2949,61.597],[29.2616,61.5578],[29.2203,61.5601],[29.049,61.5337],[28.9726,61.5362],[28.9561,61.5407],[28.8867,61.5273],[28.8118,61.5358],[28.8142,61.5016],[28.7927,61.4953],[28.7914,61.4778],[28.7196,61.4832],[28.6842,61.4767],[28.6781,61.4683],[28.5886,61.4685],[28.5774,61.4757],[28.5234,61.4778],[28.5254,61.4981],[28.4908,61.5134],[28.4629,61.499],[28.4401,61.5116],[28.4195,61.4846],[28.4266,61.4568],[28.3424,61.4317],[28.3398,61.4163],[28.3077,61.4169],[28.2855,61.3912],[28.2522,61.3797],[28.0599,61.3555],[27.9312,61.3504],[27.8558,61.3512],[27.7926,61.3621],[27.7545,61.3291],[27.6963,61.3298],[27.6467,61.3439],[27.6147,61.3454],[27.5912,61.3381],[27.6083,61.308],[27.5843,61.2998],[27.5574,61.3036],[27.5428,61.2892],[27.5964,61.2808],[27.577,61.2632],[27.5439,61.2567],[27.5076,61.2698],[27.4303,61.2716],[27.4333,61.2477],[27.3643,61.2393],[27.3878,61.2023],[27.3588,61.1949],[27.3555,61.1735],[27.3155,61.1681],[27.302,61.1772],[27.2691,61.1656],[27.2058,61.1625]]]},"properties":{"code":"MK09","name":"Etelä-Karjala","hasData":true}},{"type":"Feature","geometry":{"type":"Polygon","coordinates":[[[26.7091,62.4529],[26.7607,62.424],[26.8326,62.443],[26.8168,62.4541],[26.8334,62.4682],[26.8795,62.4855],[26.9054,62.4657],[26.9363,62.4568],[26.9514,62.4426],[26.9718,62.4543],[26.9512,62.4755],[26.9705,62.489],[26.9971,62.4695],[27.0613,62.4713],[27.0814,62.4885],[27.1021,62.4848],[27.1141,62.5062],[27.1702,62.4761],[27.1667,62.4592],[27.1955,62.456],[27.1894,62.4701],[27.2111,62.4788],[27.2507,62.4798],[27.2678,62.4628],[27.2898,62.4639],[27.3025,62.4859],[27.3377,62.4971],[27.3445,62.5229],[27.3636,62.53],[27.3856,62.5055],[27.4085,62.5039],[27.4647,62.4708],[27.5726,62.4481],[27.6299,62.4196],[27.6526,62.3998],[27.6856,62.3886],[27.6919,62.3748],[27.6755,62.3521],[27.693,62.333],[27.6477,62.3206],[27.6268,62.3047],[27.6319,62.283],[27.6059,62.2785],[27.5881,62.2904],[27.5563,62.2771],[27.5187,62.2876],[27.4937,62.2748],[27.5575,62.2371],[27.5327,62.2269],[27.5014,62.2338],[27.5336,62.1971],[27.5662,62.1476],[27.6016,62.1571],[27.6309,62.1502],[27.6183,62.1435],[27.6391,62.1238],[27.6252,62.1029],[27.6458,62.088],[27.6141,62.0763],[27.639,62.0643],[27.6158,62.0506],[27.6531,62.0278],[27.6999,62.0086],[27.7688,62.0017],[27.7936,61.9878],[27.8513,62.0143],[27.8718,62.0065],[27.8863,62.0149],[27.8613,62.0391],[27.9341,62.0505],[27.9447,62.0586],[27.927,62.0824],[27.9467,62.0881],[27.9987,62.0615],[27.9986,62.0861],[27.9742,62.1007],[28.0147,62.0974],[28.0418,62.1131],[28.0801,62.1164],[28.0268,62.1704],[28.027,62.2053],[28.0921,62.2088],[28.0599,62.2436],[28.1083,62.2264],[28.1812,62.2283],[28.2258,62.2106],[28.2644,62.2291],[28.3048,62.2321],[28.3276,62.2222],[28.4708,62.2013],[28.5045,62.2015],[28.5235,62.1849],[28.5535,62.185],[28.5625,62.1704],[28.6162,62.141],[28.613,62.158],[28.6517,62.1912],[28.632,62.1956],[28.6316,62.2096],[28.6583,62.2038],[28.6528,62.2313],[28.5831,62.2695],[28.5625,62.2944],[28.5513,62.2924],[28.4992,62.3164],[28.4823,62.3114],[28.4379,62.3168],[28.423,62.3289],[28.4378,62.3463],[28.3981,62.3573],[28.3654,62.3525],[28.315,62.3546],[28.329,62.3781],[28.2842,62.3933],[28.285,62.4124],[28.2448,62.424],[28.2864,62.4431],[28.2864,62.4731],[28.325,62.4723],[28.3545,62.4613],[28.3819,62.4616],[28.3934,62.4849],[28.3725,62.4963],[28.4055,62.5373],[28.4011,62.575],[28.4775,62.5658],[28.5208,62.5485],[28.5455,62.5684],[28.467,62.5832],[28.4868,62.5885],[28.5367,62.5842],[28.5608,62.597],[28.5777,62.5801],[28.6242,62.5997],[28.5987,62.6104],[28.6337,62.6212],[28.655,62.6683],[28.7029,62.6943],[28.644,62.7282],[28.6327,62.744],[28.6426,62.7608],[28.6806,62.7763],[28.717,62.7733],[28.7477,62.7991],[28.7444,62.8124],[28.7901,62.8338],[28.8095,62.8301],[28.8482,62.8085],[28.9008,62.7954],[28.8987,62.7897],[28.9429,62.7749],[28.9662,62.803],[29.0976,62.8456],[29.0551,62.8629],[29.0103,62.8735],[28.9895,62.8964],[28.9386,62.9159],[28.9345,62.9393],[28.9633,62.9249],[28.9957,62.9276],[28.9909,62.9422],[28.9628,62.9458],[28.9718,62.9588],[29.0675,62.9842],[29.038,63.0109],[28.9257,63.0361],[28.9078,63.0473],[28.861,63.057],[28.8313,63.0939],[28.7075,63.1704],[28.698,63.1831],[28.6538,63.1969],[28.6108,63.2038],[28.6615,63.2417],[28.6479,63.2501],[28.7071,63.2722],[28.6835,63.284],[28.7368,63.3114],[28.7595,63.3878],[28.6661,63.4232],[28.6497,63.4722],[28.6411,63.4764],[28.6035,63.5275],[28.6368,63.5481],[28.6505,63.5403],[28.6849,63.5527],[28.6184,63.5673],[28.6067,63.5754],[28.5858,63.6591],[28.6065,63.6747],[28.5509,63.7006],[28.4612,63.6986],[28.4242,63.7265],[28.3596,63.7548],[28.2739,63.6688],[28.2562,63.6745],[28.2013,63.7096],[28.1446,63.7247],[28.0609,63.7815],[27.9103,63.8521],[27.8928,63.8491],[27.745,63.9084],[27.6639,63.923],[27.6503,63.9187],[27.5406,63.9564],[27.4778,63.9615],[27.497,63.9497],[27.4285,63.9479],[27.4187,63.9664],[27.2611,63.9893],[27.1312,63.9976],[27.1193,63.9908],[27.0125,63.999],[26.8704,64.037],[26.598,63.9795],[26.3735,63.8893],[26.2181,63.8316],[26.2428,63.8066],[26.2674,63.7051],[26.2918,63.5899],[26.1952,63.5693],[26.1862,63.499],[26.1386,63.4576],[26.1767,63.4389],[26.1207,63.406],[26.0705,63.3548],[26.0868,63.3537],[26.1288,63.3302],[26.1419,63.2747],[26.1759,63.2414],[26.1849,63.2132],[26.1477,63.21],[26.1635,63.147],[26.1917,63.1315],[26.2189,63.0896],[26.2437,63.0708],[26.3343,63.0351],[26.2389,63.0439],[26.2226,63.0259],[26.2898,62.9823],[26.3326,62.9836],[26.3141,62.9587],[26.2727,62.9251],[26.2664,62.9345],[26.2221,62.9544],[26.1243,62.9529],[26.0897,62.9402],[26.0398,62.9361],[26.0682,62.8894],[26.1654,62.8725],[26.1888,62.8619],[26.1518,62.8468],[26.1895,62.8238],[26.223,62.8257],[26.3562,62.7474],[26.4057,62.7677],[26.3935,62.7753],[26.4466,62.7892],[26.5292,62.7223],[26.5261,62.7158],[26.5622,62.6817],[26.5696,62.6534],[26.5913,62.6417],[26.5984,62.6108],[26.5763,62.604],[26.5991,62.5945],[26.5724,62.5885],[26.5562,62.562],[26.5081,62.5331],[26.4832,62.5324],[26.4707,62.5189],[26.5779,62.4786],[26.6331,62.4508],[26.6848,62.4634],[26.7091,62.4529]]]},"properties":{"code":"MK11","name":"Pohjois-Savo","hasData":true}},{"type":"Feature","geometry":{"type":"Polygon","coordinates":[[[29.5593,61.7221],[29.9621,61.8218],[30.0824,61.8532],[30.1336,61.8643],[30.1439,61.8523],[30.1962,61.8822],[30.2742,61.9336],[30.3128,61.945],[30.3059,61.9645],[30.3517,61.98],[30.377,61.9995],[30.4219,62.0221],[30.6029,62.1418],[30.6358,62.1737],[30.6287,62.1888],[30.657,62.2089],[30.7203,62.2089],[30.7448,62.2267],[30.8341,62.2755],[30.9042,62.3105],[30.9432,62.3058],[30.9621,62.3277],[30.9427,62.3332],[31.1381,62.4422],[31.1628,62.4461],[31.1733,62.4819],[31.1849,62.4938],[31.2216,62.4986],[31.3452,62.6401],[31.3733,62.6498],[31.3853,62.675],[31.3803,62.6899],[31.4392,62.7849],[31.4667,62.7839],[31.4556,62.7968],[31.5867,62.9087],[31.5638,62.9273],[31.5021,62.9963],[31.4488,63.0061],[31.463,63.0242],[31.425,63.0433],[31.3873,63.0493],[31.3609,63.0722],[31.2936,63.0941],[31.2654,63.1152],[31.2554,63.1418],[31.2548,63.1787],[31.2382,63.1951],[31.2398,63.2189],[31.1646,63.2441],[31.1514,63.2583],[31.1018,63.2709],[31.0857,63.2813],[31.0207,63.3032],[30.9792,63.3078],[30.944,63.3367],[30.9344,63.3555],[30.8501,63.3685],[30.7877,63.4053],[30.6693,63.4269],[30.484,63.4667],[30.3845,63.5455],[30.2582,63.5839],[30.2441,63.6073],[30.073,63.6947],[30.0648,63.708],[29.9719,63.7572],[29.8747,63.7492],[29.7757,63.7034],[29.7227,63.748],[29.6825,63.8789],[29.5439,63.8715],[29.3114,63.8528],[29.1119,63.8464],[28.8851,63.8358],[28.5008,63.8824],[28.46,63.8711],[28.4737,63.8584],[28.3596,63.7548],[28.4242,63.7265],[28.4612,63.6986],[28.5509,63.7006],[28.6065,63.6747],[28.5858,63.6591],[28.6067,63.5754],[28.6184,63.5673],[28.6849,63.5527],[28.6505,63.5403],[28.6368,63.5481],[28.6035,63.5275],[28.6411,63.4764],[28.6497,63.4722],[28.6661,63.4232],[28.7595,63.3878],[28.7368,63.3114],[28.6835,63.284],[28.7071,63.2722],[28.6479,63.2501],[28.6615,63.2417],[28.6108,63.2038],[28.6538,63.1969],[28.698,63.1831],[28.7075,63.1704],[28.8313,63.0939],[28.861,63.057],[28.9078,63.0473],[28.9257,63.0361],[29.038,63.0109],[29.0675,62.9842],[28.9718,62.9588],[28.9628,62.9458],[28.9909,62.9422],[28.9957,62.9276],[28.9633,62.9249],[28.9345,62.9393],[28.9386,62.9159],[28.9895,62.8964],[29.0103,62.8735],[29.0551,62.8629],[29.0976,62.8456],[28.9662,62.803],[28.9429,62.7749],[28.8987,62.7897],[28.9008,62.7954],[28.8482,62.8085],[28.8095,62.8301],[28.7901,62.8338],[28.7444,62.8124],[28.7477,62.7991],[28.717,62.7733],[28.6806,62.7763],[28.6426,62.7608],[28.6327,62.744],[28.644,62.7282],[28.7029,62.6943],[28.655,62.6683],[28.6337,62.6212],[28.5987,62.6104],[28.6242,62.5997],[28.5777,62.5801],[28.5608,62.597],[28.5367,62.5842],[28.4868,62.5885],[28.467,62.5832],[28.5455,62.5684],[28.5208,62.5485],[28.4775,62.5658],[28.4011,62.575],[28.4055,62.5373],[28.3725,62.4963],[28.3934,62.4849],[28.3819,62.4616],[28.3545,62.4613],[28.325,62.4723],[28.2864,62.4731],[28.2864,62.4431],[28.2448,62.424],[28.285,62.4124],[28.2842,62.3933],[28.329,62.3781],[28.315,62.3546],[28.3654,62.3525],[28.3981,62.3573],[28.4378,62.3463],[28.423,62.3289],[28.4379,62.3168],[28.4823,62.3114],[28.4992,62.3164],[28.5513,62.2924],[28.5625,62.2944],[28.5831,62.2695],[28.6528,62.2313],[28.66,62.2392],[28.7018,62.2238],[28.7159,62.2355],[28.738,62.217],[28.7797,62.2049],[28.794,62.2106],[28.7467,62.2533],[28.7528,62.2868],[28.7793,62.2934],[28.7903,62.2778],[28.8477,62.2643],[28.8597,62.2529],[28.8886,62.2637],[28.9267,62.257],[28.9509,62.2768],[28.9351,62.286],[28.972,62.2906],[28.9514,62.2992],[28.9853,62.3106],[29.0051,62.3274],[29.0409,62.3212],[29.0895,62.343],[29.1244,62.3265],[29.1682,62.3321],[29.1595,62.3559],[29.1836,62.3628],[29.1608,62.398],[29.1742,62.4074],[29.1992,62.402],[29.2308,62.4178],[29.2677,62.4077],[29.296,62.3867],[29.3075,62.3343],[29.394,62.2504],[29.4301,62.2365],[29.4073,62.2018],[29.4595,62.0812],[29.4823,62.0567],[29.514,62.0398],[29.5724,62.0301],[29.5664,62.0248],[29.6604,61.9769],[29.6162,61.9357],[29.6149,61.9133],[29.6968,61.8644],[29.6654,61.8551],[29.6883,61.8377],[29.6896,61.8203],[29.6759,61.7917],[29.6384,61.7606],[29.6147,61.756],[29.5707,61.7361],[29.5593,61.7221]]]},"properties":{"code":"MK12","name":"Pohjois-Karjala","hasData":true}},{"type":"Feature","geometry":{"type":"Polygon","coordinates":[[[26.315,61.6084],[26.3548,61.6219],[26.3489,61.6344],[26.3787,61.6495],[26.3772,61.6578],[26.4453,61.6403],[26.5155,61.6271],[26.5271,61.7046],[26.4842,61.7507],[26.4258,61.7963],[26.3672,61.8079],[26.3767,61.8136],[26.3773,61.8461],[26.3891,61.8542],[26.3711,61.8705],[26.3781,61.8831],[26.3243,61.88],[26.343,61.9007],[26.3342,61.9508],[26.4146,61.9729],[26.3317,62.0368],[26.2207,62.1186],[26.3159,62.2005],[26.3302,62.1928],[26.3651,62.2071],[26.4148,62.2079],[26.435,62.2264],[26.4496,62.2127],[26.4963,62.2289],[26.4784,62.247],[26.544,62.2656],[26.5904,62.2309],[26.6269,62.2114],[26.6526,62.2169],[26.6287,62.2656],[26.6325,62.2834],[26.6108,62.295],[26.6832,62.3077],[26.662,62.327],[26.669,62.3419],[26.7761,62.3541],[26.7344,62.3791],[26.6805,62.4038],[26.7055,62.427],[26.7091,62.4529],[26.6848,62.4634],[26.6331,62.4508],[26.5779,62.4786],[26.4707,62.5189],[26.4832,62.5324],[26.5081,62.5331],[26.5562,62.562],[26.5724,62.5885],[26.5991,62.5945],[26.5763,62.604],[26.5984,62.6108],[26.5913,62.6417],[26.5696,62.6534],[26.5622,62.6817],[26.5261,62.7158],[26.5292,62.7223],[26.4466,62.7892],[26.3935,62.7753],[26.4057,62.7677],[26.3562,62.7474],[26.223,62.8257],[26.1895,62.8238],[26.1518,62.8468],[26.1888,62.8619],[26.1654,62.8725],[26.0682,62.8894],[26.0398,62.9361],[26.0897,62.9402],[26.1243,62.9529],[26.2221,62.9544],[26.2664,62.9345],[26.2727,62.9251],[26.3141,62.9587],[26.3326,62.9836],[26.2898,62.9823],[26.2226,63.0259],[26.2389,63.0439],[26.3343,63.0351],[26.2437,63.0708],[26.2189,63.0896],[26.1917,63.1315],[26.1635,63.147],[26.1477,63.21],[26.1849,63.2132],[26.1759,63.2414],[26.1419,63.2747],[26.1288,63.3302],[26.0868,63.3537],[26.0705,63.3548],[26.1207,63.406],[26.1767,63.4389],[26.1386,63.4576],[25.9946,63.4291],[25.8928,63.4397],[25.809,63.4945],[25.7381,63.5149],[25.6982,63.52],[25.5411,63.5238],[25.4824,63.5326],[25.348,63.5815],[25.2511,63.6123],[25.1401,63.5743],[25.113,63.5023],[25.0819,63.4672],[25.0363,63.4581],[24.9025,63.4312],[24.7729,63.3587],[24.8036,63.2759],[24.7542,63.2659],[24.7626,63.2188],[24.7458,63.1979],[24.7316,63.147],[24.7729,63.1334],[24.5308,63.1575],[24.359,63.1164],[24.318,63.0666],[24.278,63.0644],[24.2781,63.0331],[24.2936,63.0363],[24.3086,63.0185],[24.2895,62.9991],[24.3111,62.9773],[24.3344,62.983],[24.3482,62.9637],[24.343,62.9177],[24.3932,62.9162],[24.434,62.9078],[24.4468,62.896],[24.4484,62.871],[24.342,62.8593],[24.3978,62.8269],[24.4856,62.7402],[24.5196,62.686],[24.5822,62.6648],[24.5116,62.6348],[24.5036,62.6213],[24.541,62.6162],[24.5787,62.6214],[24.5843,62.6117],[24.5536,62.608],[24.567,62.5808],[24.5354,62.5775],[24.5455,62.5614],[24.5249,62.5587],[24.5306,62.5284],[24.505,62.516],[24.5136,62.5031],[24.455,62.4936],[24.4246,62.4734],[24.403,62.5016],[24.3747,62.5019],[24.3309,62.4912],[24.3212,62.4823],[24.3395,62.4634],[24.3217,62.4477],[24.2013,62.4827],[24.0955,62.4138],[24.013,62.3633],[24.0248,62.3133],[24.0758,62.297],[24.0808,62.2764],[24.1445,62.2525],[24.2527,62.2523],[24.2933,62.1953],[24.3381,62.1708],[24.3892,62.1664],[24.4275,62.1527],[24.4407,62.158],[24.427,62.173],[24.4982,62.1971],[24.5602,62.1857],[24.6017,62.1394],[24.6237,62.1279],[24.6737,62.1155],[24.6668,62.0895],[24.6683,62.0494],[24.7039,62.0467],[24.7309,62.0232],[24.6865,62.003],[24.6213,61.9925],[24.6011,61.9621],[24.5835,61.9516],[24.5582,61.9515],[24.5246,61.9093],[24.552,61.9123],[24.5802,61.8965],[24.6133,61.8872],[24.6667,61.863],[24.7298,61.8133],[24.7728,61.8015],[24.8207,61.7701],[24.8152,61.7543],[24.7835,61.7589],[24.7705,61.769],[24.7246,61.7794],[24.7216,61.7634],[24.7486,61.7191],[24.736,61.6938],[24.7675,61.6759],[24.7914,61.6904],[24.855,61.6732],[24.812,61.66],[24.8337,61.65],[24.8882,61.6473],[24.9181,61.631],[24.9603,61.6307],[24.949,61.641],[24.9642,61.6618],[24.9307,61.6849],[24.9135,61.7065],[24.9501,61.7439],[24.9666,61.7448],[24.9591,61.7283],[24.9788,61.7218],[25.0035,61.7313],[24.9607,61.7802],[24.9793,61.7869],[25.1502,61.7391],[25.1903,61.7294],[25.2186,61.7367],[25.2356,61.7264],[25.2639,61.7392],[25.2652,61.7265],[25.3578,61.7196],[25.3728,61.7131],[25.3934,61.7229],[25.4123,61.7553],[25.5352,61.7796],[25.5009,61.763],[25.497,61.7046],[25.5013,61.6769],[25.567,61.6736],[25.6084,61.6807],[25.6391,61.6949],[25.6644,61.7159],[25.7258,61.7109],[25.7489,61.7048],[25.7428,61.6925],[25.7712,61.6851],[25.8313,61.768],[25.8561,61.7808],[25.845,61.8014],[25.8833,61.7946],[25.8585,61.7621],[25.9075,61.7651],[25.9216,61.7873],[25.9475,61.7713],[25.9839,61.7596],[25.9803,61.7472],[26.0157,61.7205],[26.0455,61.7257],[26.0525,61.7383],[26.0811,61.7097],[26.0844,61.6891],[26.0704,61.6724],[26.1052,61.6445],[26.1284,61.6378],[26.1376,61.6195],[26.161,61.6161],[26.1918,61.65],[26.2262,61.6417],[26.2671,61.6417],[26.2831,61.6567],[26.3144,61.6397],[26.2995,61.6274],[26.315,61.6084]]]},"properties":{"code":"MK13","name":"Keski-Suomi","hasData":true}},{"type":"Feature","geometry":{"type":"Polygon","coordinates":[[[21.6478,62.0196],[21.7026,62.0209],[21.7494,62.0159],[21.9747,61.9798],[22.1084,62.0318],[22.1987,62.1033],[22.3201,62.1031],[22.4504,62.1985],[22.5053,62.2135],[22.5248,62.2102],[22.5917,62.3111],[22.7456,62.2733],[22.8313,62.2709],[22.8969,62.269],[23.2178,62.3342],[23.2751,62.4079],[23.3378,62.4251],[23.3901,62.3892],[23.4452,62.3754],[23.475,62.3827],[23.5181,62.3681],[23.5034,62.4146],[23.6637,62.4086],[23.7598,62.4557],[23.8174,62.4668],[23.8038,62.478],[23.8352,62.4943],[23.8391,62.4596],[23.8682,62.4602],[23.8674,62.4854],[23.8991,62.4845],[23.9121,62.4575],[23.9018,62.4357],[23.9242,62.3906],[23.9954,62.3769],[24.013,62.3633],[24.0955,62.4138],[24.2013,62.4827],[24.3217,62.4477],[24.3395,62.4634],[24.3212,62.4823],[24.3309,62.4912],[24.3747,62.5019],[24.403,62.5016],[24.4246,62.4734],[24.455,62.4936],[24.5136,62.5031],[24.505,62.516],[24.5306,62.5284],[24.5249,62.5587],[24.5455,62.5614],[24.5354,62.5775],[24.567,62.5808],[24.5536,62.608],[24.5843,62.6117],[24.5787,62.6214],[24.541,62.6162],[24.5036,62.6213],[24.5116,62.6348],[24.5822,62.6648],[24.5196,62.686],[24.4856,62.7402],[24.3978,62.8269],[24.342,62.8593],[24.4484,62.871],[24.4468,62.896],[24.434,62.9078],[24.3932,62.9162],[24.343,62.9177],[24.3482,62.9637],[24.3344,62.983],[24.3111,62.9773],[24.2895,62.9991],[24.3086,63.0185],[24.2936,63.0363],[24.2781,63.0331],[24.278,63.0644],[24.318,63.0666],[24.359,63.1164],[24.3044,63.1411],[24.2569,63.133],[24.2032,63.1549],[24.1708,63.148],[24.2345,63.1707],[24.1724,63.2113],[24.097,63.245],[24.0167,63.2684],[23.956,63.276],[23.862,63.2776],[23.7707,63.3131],[23.697,63.3803],[23.6254,63.401],[23.555,63.4428],[23.5647,63.4492],[23.544,63.4675],[23.5163,63.4674],[23.4197,63.4817],[23.3929,63.498],[23.2646,63.4701],[23.207,63.399],[23.113,63.3473],[23.0772,63.3692],[23.0314,63.3618],[23.0236,63.3804],[22.9716,63.3723],[22.9807,63.3304],[22.9062,63.3511],[22.8713,63.3545],[22.8743,63.3463],[22.8295,63.3459],[22.756,63.3591],[22.7356,63.359],[22.7511,63.3445],[22.6453,63.3168],[22.6726,63.2977],[22.6069,63.2791],[22.5959,63.284],[22.5594,63.2657],[22.562,63.2492],[22.5904,63.2446],[22.6285,63.2099],[22.5933,63.2013],[22.5722,63.1793],[22.6171,63.1862],[22.6582,63.1331],[22.6436,63.124],[22.6486,63.1054],[22.6317,63.1019],[22.4855,63.1001],[22.3112,63.0561],[22.2423,63.0637],[22.1949,63.0316],[22.1654,63.0188],[22.1536,63.0035],[22.1637,62.9762],[22.144,62.9631],[22.2007,62.9251],[22.2311,62.8817],[22.249,62.88],[22.2653,62.8215],[22.2896,62.7988],[22.2007,62.7516],[22.1242,62.7673],[22.1211,62.7602],[22.0671,62.7686],[22.0632,62.7635],[22.0088,62.7744],[21.973,62.7876],[21.8424,62.8176],[21.831,62.8454],[21.7721,62.8636],[21.7652,62.8476],[21.7288,62.8211],[21.7291,62.7677],[21.7478,62.7202],[21.791,62.6942],[21.6538,62.6374],[21.6466,62.6216],[21.5918,62.6054],[21.5955,62.5585],[21.6148,62.5543],[21.6033,62.5309],[21.5454,62.4472],[21.555,62.4222],[21.5514,62.3963],[21.5235,62.3796],[21.566,62.3566],[21.6501,62.3673],[21.6866,62.3552],[21.6863,62.3396],[21.6631,62.329],[21.6832,62.3191],[21.6729,62.2601],[21.7364,62.2577],[21.7412,62.2413],[21.7675,62.2227],[21.7108,62.2175],[21.667,62.1865],[21.7044,62.1667],[21.6957,62.1438],[21.6797,62.1382],[21.6417,62.1494],[21.643,62.1117],[21.6255,62.0993],[21.6508,62.0593],[21.6289,62.0403],[21.6478,62.0196]]]},"properties":{"code":"MK14","name":"Etelä-Pohjanmaa","hasData":true}},{"type":"Feature","geometry":{"type":"MultiPolygon","coordinates":[[[[22.7735,63.9144],[22.7648,63.9289],[22.7419,63.919],[22.7735,63.9144]]],[[[22.7729,63.859],[22.7725,63.8747],[22.7447,63.8673],[22.7729,63.859]]],[[[22.6449,63.8084],[22.6563,63.8205],[22.6395,63.8353],[22.6337,63.8108],[22.6449,63.8084]]],[[[22.6061,63.7946],[22.6364,63.8076],[22.6072,63.8178],[22.5846,63.8133],[22.6061,63.7946]]],[[[22.665,63.7868],[22.6741,63.8036],[22.6539,63.8117],[22.665,63.7868]]],[[[22.6614,63.7622],[22.6801,63.7724],[22.6325,63.7965],[22.6614,63.7622]]],[[[22.5504,63.7496],[22.568,63.7638],[22.5604,63.7809],[22.5504,63.7496]]],[[[22.6093,63.7498],[22.6203,63.7712],[22.6389,63.7769],[22.5855,63.793],[22.5952,63.778],[22.5809,63.7625],[22.6093,63.7498]]],[[[22.3892,63.5936],[22.4043,63.6069],[22.3928,63.6222],[22.3672,63.6276],[22.3528,63.6099],[22.3831,63.6048],[22.3892,63.5936]]],[[[22.4668,63.5385],[22.4352,63.5861],[22.4183,63.5829],[22.4492,63.5433],[22.4668,63.5385]]],[[[22.4423,63.5214],[22.4467,63.539],[22.4322,63.5506],[22.428,63.5313],[22.4423,63.5214]]],[[[21.0739,63.4146],[21.0885,63.432],[21.0535,63.434],[21.0739,63.4146]]],[[[21.7413,63.428],[21.7508,63.4557],[21.7224,63.452],[21.7255,63.43],[21.7413,63.428]]],[[[21.8213,63.4304],[21.8273,63.4404],[21.8056,63.4569],[21.7818,63.4592],[21.7939,63.4382],[21.7809,63.4315],[21.8213,63.4304]]],[[[21.6689,63.381],[21.6945,63.3891],[21.6816,63.3993],[21.6489,63.3913],[21.6689,63.381]]],[[[21.2381,63.3604],[21.2618,63.3922],[21.2381,63.397],[21.2037,63.3886],[21.1797,63.3678],[21.2381,63.3604]]],[[[21.1997,63.3223],[21.1985,63.3388],[21.2269,63.352],[21.1746,63.353],[21.162,63.3255],[21.1997,63.3223]]],[[[21.9608,63.3343],[22.0026,63.3501],[22.0359,63.3393],[22.0569,63.3547],[22.0945,63.3651],[22.0883,63.3876],[22.0502,63.3937],[22.0269,63.3826],[22.02,63.3921],[21.9873,63.3842],[21.9424,63.339],[21.9608,63.3343]]],[[[21.1497,63.2938],[21.1798,63.3132],[21.1422,63.325],[21.109,63.3034],[21.1497,63.2938]]],[[[21.3363,63.288],[21.3575,63.2907],[21.3688,63.3073],[21.3949,63.3199],[21.3919,63.3336],[21.4174,63.3479],[21.4125,63.3661],[21.3391,63.3726],[21.2983,63.3586],[21.2512,63.3583],[21.2384,63.3312],[21.2809,63.3312],[21.2781,63.3102],[21.2991,63.3081],[21.3466,63.3201],[21.3363,63.288]]],[[[21.4296,63.2724],[21.4335,63.2911],[21.4012,63.2889],[21.4296,63.2724]]],[[[21.7595,63.2727],[21.7853,63.2833],[21.7673,63.2993],[21.767,63.3174],[21.7413,63.3099],[21.7035,63.3155],[21.7235,63.2836],[21.7595,63.2727]]],[[[21.9484,63.2794],[21.9544,63.3024],[21.9274,63.2916],[21.9484,63.2794]]],[[[21.9873,63.2792],[21.9994,63.282],[22.0035,63.2946],[21.9763,63.3071],[21.972,63.2802],[21.9873,63.2792]]],[[[22.0439,63.2797],[22.0656,63.2973],[22.0367,63.3274],[21.9945,63.3274],[21.9835,63.3097],[22.0028,63.3056],[22.0096,63.2922],[22.004,63.2825],[22.0439,63.2797]]],[[[21.668,63.2562],[21.6673,63.2829],[21.6936,63.3077],[21.6638,63.3227],[21.6292,63.3018],[21.6373,63.26],[21.668,63.2562]]],[[[22.1468,63.2542],[22.1648,63.2781],[22.1998,63.2733],[22.2218,63.2798],[22.2373,63.3013],[22.2383,63.3359],[22.2153,63.3412],[22.205,63.3147],[22.1096,63.335],[22.0726,63.3227],[22.0908,63.2996],[22.0565,63.2885],[22.0831,63.2746],[22.0631,63.2718],[22.1115,63.2575],[22.1468,63.2542]]],[[[21.2919,63.1563],[21.332,63.1741],[21.3089,63.1763],[21.3586,63.1982],[21.376,63.2125],[21.3808,63.1935],[21.4098,63.1956],[21.438,63.2074],[21.4504,63.2478],[21.4202,63.273],[21.3873,63.2811],[21.3717,63.272],[21.3083,63.2563],[21.2853,63.2665],[21.2778,63.2517],[21.3183,63.2505],[21.3226,63.2395],[21.2629,63.2493],[21.2534,63.2351],[21.2234,63.2422],[21.2279,63.2719],[21.2751,63.2975],[21.2631,63.3085],[21.2346,63.3015],[21.2455,63.3212],[21.2101,63.3207],[21.184,63.3112],[21.1849,63.2883],[21.2226,63.2912],[21.1999,63.2801],[21.1595,63.2865],[21.1383,63.281],[21.0873,63.3057],[21.0994,63.2908],[21.0853,63.2821],[21.1213,63.274],[21.104,63.2554],[21.1466,63.2299],[21.1392,63.2147],[21.1698,63.1853],[21.1985,63.1887],[21.2076,63.2],[21.2336,63.1832],[21.2301,63.1709],[21.2919,63.1563]]],[[[21.4005,63.1558],[21.3876,63.1777],[21.3828,63.1604],[21.4005,63.1558]]],[[[21.5311,63.1336],[21.5361,63.1424],[21.4739,63.1664],[21.488,63.1443],[21.5149,63.1469],[21.5311,63.1336]]],[[[20.7902,63.1021],[20.8105,63.1075],[20.8089,63.1232],[20.7902,63.1021]]],[[[21.575,63.0807],[21.5907,63.0876],[21.58,63.1006],[21.548,63.0888],[21.575,63.0807]]],[[[21.3968,63.0633],[21.4119,63.073],[21.4016,63.0844],[21.3829,63.0858],[21.3758,63.075],[21.4045,63.0763],[21.3968,63.0633]]],[[[21.3923,63.0466],[21.3726,63.0639],[21.3507,63.0533],[21.3923,63.0466]]],[[[21.4553,63.0066],[21.4289,63.0133],[21.4504,63.0307],[21.439,63.0564],[21.4532,63.0662],[21.4375,63.0842],[21.4006,63.0574],[21.4147,63.0525],[21.3887,63.0394],[21.3694,63.0463],[21.3382,63.0399],[21.3526,63.0294],[21.4553,63.0066]]],[[[21.2019,62.9946],[21.2153,63.0063],[21.1912,63.027],[21.1792,63.0055],[21.2019,62.9946]]],[[[21.1171,62.9834],[21.1183,62.9924],[21.0892,62.9997],[21.1171,62.9834]]],[[[21.2373,62.9831],[21.2491,62.9933],[21.2227,62.9948],[21.2373,62.9831]]],[[[21.4105,62.9891],[21.4161,63.0106],[21.3789,63.018],[21.377,63.0003],[21.3334,63.0133],[21.35,62.9987],[21.4105,62.9891]]],[[[20.8471,62.9603],[20.8563,62.9738],[20.8231,62.9974],[20.8142,62.9838],[20.8471,62.9603]]],[[[21.206,62.9428],[21.2214,62.9489],[21.2109,62.9898],[21.1501,63.0106],[21.1195,62.9997],[21.1395,62.9781],[21.1614,62.9735],[21.141,62.9533],[21.1591,62.9432],[21.1869,62.9563],[21.206,62.9428]]],[[[21.4064,62.9277],[21.4095,62.9478],[21.3749,62.9547],[21.3505,62.943],[21.3696,62.9296],[21.3766,62.9394],[21.4064,62.9277]]],[[[21.393,62.9141],[21.401,62.9258],[21.3811,62.9354],[21.393,62.9141]]],[[[21.2352,62.8659],[21.2404,62.882],[21.2084,62.9119],[21.1982,62.9298],[21.1693,62.9198],[21.1727,62.9085],[21.2073,62.8892],[21.2021,62.8791],[21.2352,62.8659]]],[[[21.141,62.8286],[21.2211,62.8394],[21.2359,62.8605],[21.1682,62.8671],[21.1298,62.8611],[21.1307,62.8503],[21.0955,62.8371],[21.141,62.8286]]],[[[21.0734,62.706],[21.0952,62.7232],[21.0818,62.7415],[21.0504,62.7417],[21.0498,62.7168],[21.0734,62.706]]],[[[21.0845,62.5303],[21.0959,62.5681],[21.065,62.5793],[21.0692,62.5642],[21.0524,62.5529],[21.0845,62.5303]]],[[[21.1145,62.523],[21.1552,62.5351],[21.1332,62.5504],[21.1037,62.5528],[21.1145,62.523]]],[[[21.1793,62.3702],[21.212,62.4127],[21.2005,62.4261],[21.1875,62.4163],[21.1965,62.3951],[21.175,62.3895],[21.1793,62.3702]]],[[[21.1866,62.3598],[21.1969,62.375],[21.2113,62.3677],[21.2161,62.3936],[21.1945,62.3857],[21.1866,62.3598]]],[[[21.2394,62.3398],[21.2561,62.3502],[21.249,62.3838],[21.2274,62.3947],[21.2192,62.3819],[21.2151,62.3421],[21.2394,62.3398]]],[[[21.3036,62.1089],[21.2862,62.1509],[21.2884,62.1304],[21.3036,62.1089]]],[[[21.3292,61.9538],[21.3603,61.96],[21.4266,62.0096],[21.524,62.0246],[21.6478,62.0196],[21.6289,62.0403],[21.6508,62.0593],[21.6255,62.0993],[21.643,62.1117],[21.6417,62.1494],[21.6797,62.1382],[21.6957,62.1438],[21.7044,62.1667],[21.667,62.1865],[21.7108,62.2175],[21.7675,62.2227],[21.7412,62.2413],[21.7364,62.2577],[21.6729,62.2601],[21.6832,62.3191],[21.6631,62.329],[21.6863,62.3396],[21.6866,62.3552],[21.6501,62.3673],[21.566,62.3566],[21.5235,62.3796],[21.5514,62.3963],[21.555,62.4222],[21.5454,62.4472],[21.6033,62.5309],[21.6148,62.5543],[21.5955,62.5585],[21.5918,62.6054],[21.6466,62.6216],[21.6538,62.6374],[21.791,62.6942],[21.7478,62.7202],[21.7291,62.7677],[21.7288,62.8211],[21.7652,62.8476],[21.7721,62.8636],[21.831,62.8454],[21.8424,62.8176],[21.973,62.7876],[22.0088,62.7744],[22.0632,62.7635],[22.0671,62.7686],[22.1211,62.7602],[22.1242,62.7673],[22.2007,62.7516],[22.2896,62.7988],[22.2653,62.8215],[22.249,62.88],[22.2311,62.8817],[22.2007,62.9251],[22.144,62.9631],[22.1637,62.9762],[22.1536,63.0035],[22.1654,63.0188],[22.1949,63.0316],[22.2423,63.0637],[22.3112,63.0561],[22.4855,63.1001],[22.6317,63.1019],[22.6486,63.1054],[22.6436,63.124],[22.6582,63.1331],[22.6171,63.1862],[22.5722,63.1793],[22.5933,63.2013],[22.6285,63.2099],[22.5904,63.2446],[22.562,63.2492],[22.5594,63.2657],[22.5959,63.284],[22.6069,63.2791],[22.6726,63.2977],[22.6453,63.3168],[22.7511,63.3445],[22.7356,63.359],[22.756,63.3591],[22.8295,63.3459],[22.8743,63.3463],[22.8713,63.3545],[22.9062,63.3511],[22.9807,63.3304],[22.9716,63.3723],[23.0236,63.3804],[23.0314,63.3618],[23.0772,63.3692],[23.113,63.3473],[23.207,63.399],[23.2646,63.4701],[23.3929,63.498],[23.4197,63.4817],[23.5163,63.4674],[23.544,63.4675],[23.5647,63.4492],[23.555,63.4428],[23.6254,63.401],[23.697,63.3803],[23.7099,63.3829],[23.66,63.4348],[23.651,63.5309],[23.5786,63.5534],[23.577,63.5869],[23.5566,63.6041],[23.491,63.5864],[23.4224,63.616],[23.4577,63.6102],[23.4532,63.6291],[23.4849,63.64],[23.4688,63.6616],[23.4985,63.6565],[23.5321,63.6341],[23.6107,63.6503],[23.6499,63.6711],[23.7049,63.6565],[23.7441,63.6754],[23.6863,63.6993],[23.6187,63.7215],[23.4776,63.7791],[23.4553,63.7614],[23.4579,63.7416],[23.4443,63.7372],[23.4212,63.7533],[23.3919,63.7593],[23.3364,63.7613],[23.2916,63.7536],[23.2656,63.7415],[23.2484,63.7169],[23.2241,63.7188],[23.0746,63.7737],[23.0129,63.7913],[22.9891,63.788],[22.9539,63.782],[22.9332,63.7785],[22.8599,63.7847],[22.8868,63.8126],[22.867,63.8383],[22.836,63.8562],[22.7796,63.858],[22.8049,63.8453],[22.7954,63.8378],[22.7272,63.8488],[22.6901,63.8321],[22.6892,63.8169],[22.6674,63.813],[22.6824,63.7992],[22.7246,63.7874],[22.723,63.7992],[22.7633,63.7995],[22.7381,63.7843],[22.6722,63.7639],[22.6972,63.7501],[22.6991,63.7333],[22.7495,63.7182],[22.7353,63.7083],[22.6948,63.7182],[22.686,63.6844],[22.6691,63.7068],[22.643,63.6935],[22.628,63.7006],[22.6459,63.7143],[22.6132,63.7196],[22.6091,63.6833],[22.5942,63.6667],[22.5525,63.673],[22.5175,63.6526],[22.5212,63.6218],[22.4624,63.6034],[22.4403,63.6089],[22.427,63.5922],[22.4588,63.5961],[22.4716,63.5809],[22.5142,63.6011],[22.4991,63.5718],[22.4673,63.5666],[22.4839,63.5387],[22.4539,63.5112],[22.4463,63.4915],[22.4168,63.4772],[22.4142,63.4982],[22.3982,63.5105],[22.3592,63.5125],[22.3869,63.5184],[22.366,63.5446],[22.3789,63.5737],[22.3233,63.5799],[22.3396,63.5707],[22.2891,63.5225],[22.3017,63.4998],[22.3288,63.4806],[22.4049,63.4423],[22.3778,63.4452],[22.3265,63.4769],[22.3009,63.4871],[22.2626,63.4798],[22.2113,63.4786],[22.2038,63.4532],[22.2687,63.4148],[22.3013,63.4074],[22.2972,63.3936],[22.3449,63.3784],[22.3925,63.3355],[22.3489,63.3217],[22.3707,63.3003],[22.3647,63.2894],[22.3386,63.2914],[22.3099,63.3109],[22.2819,63.3094],[22.2558,63.2969],[22.2375,63.2746],[22.2446,63.2563],[22.2006,63.2619],[22.184,63.2557],[22.1806,63.2322],[22.151,63.2461],[22.08,63.2207],[22.096,63.2496],[22.0878,63.2568],[22.0292,63.2473],[22.0222,63.235],[22.0414,63.223],[22.0332,63.199],[22.0121,63.2077],[21.988,63.2006],[21.982,63.1835],[22.0065,63.1771],[22.0122,63.1601],[21.9859,63.1619],[21.9531,63.1809],[21.9749,63.1881],[21.9584,63.2165],[21.9945,63.2113],[22.02,63.2238],[21.9985,63.2359],[22.0113,63.2558],[21.9712,63.2648],[21.9622,63.2507],[21.9319,63.2627],[21.9145,63.2789],[21.8876,63.275],[21.884,63.2613],[21.8336,63.2568],[21.7966,63.262],[21.794,63.2535],[21.7399,63.2416],[21.7487,63.2172],[21.7009,63.2374],[21.6757,63.2118],[21.649,63.2238],[21.6271,63.2216],[21.6044,63.2332],[21.574,63.2784],[21.5404,63.2679],[21.5612,63.2472],[21.5267,63.2386],[21.5182,63.2051],[21.5628,63.1898],[21.5216,63.1838],[21.5151,63.1626],[21.5375,63.1542],[21.5638,63.1215],[21.6018,63.1185],[21.5831,63.1082],[21.6023,63.1043],[21.6123,63.083],[21.6751,63.0664],[21.6867,63.0545],[21.6578,63.0427],[21.621,63.0612],[21.6082,63.0523],[21.5763,63.0759],[21.5289,63.0805],[21.5263,63.0596],[21.47,63.0576],[21.4659,63.0478],[21.5017,63.0279],[21.4461,63.0199],[21.4952,63.0012],[21.4723,62.9835],[21.4917,62.9699],[21.446,62.9621],[21.4288,62.9497],[21.4318,62.9276],[21.3922,62.8809],[21.3856,62.9033],[21.3668,62.8863],[21.3861,62.875],[21.3565,62.8738],[21.3175,62.8886],[21.2679,62.8928],[21.2521,62.8868],[21.2631,62.867],[21.2451,62.8657],[21.2519,62.8409],[21.2146,62.8201],[21.2043,62.8028],[21.1778,62.8158],[21.1392,62.8102],[21.1423,62.7968],[21.1241,62.7822],[21.1524,62.7471],[21.18,62.7503],[21.1757,62.731],[21.1463,62.716],[21.1485,62.7058],[21.1066,62.6919],[21.0916,62.7025],[21.0839,62.6826],[21.1037,62.6828],[21.0834,62.651],[21.0854,62.6089],[21.133,62.6442],[21.144,62.6176],[21.1925,62.625],[21.1916,62.6142],[21.2221,62.6058],[21.1691,62.5831],[21.1716,62.5681],[21.152,62.5598],[21.168,62.5435],[21.1285,62.4928],[21.1114,62.4897],[21.152,62.4715],[21.1566,62.4825],[21.1746,62.4629],[21.1993,62.4748],[21.1676,62.4277],[21.1738,62.4194],[21.2321,62.4466],[21.2429,62.4369],[21.2254,62.4049],[21.2568,62.3855],[21.3033,62.4085],[21.2817,62.3856],[21.3053,62.3803],[21.3073,62.3544],[21.3286,62.3705],[21.3663,62.3709],[21.3563,62.3331],[21.3247,62.3185],[21.3185,62.3313],[21.3028,62.3177],[21.3356,62.2955],[21.3467,62.3121],[21.3562,62.2987],[21.319,62.2443],[21.3505,62.2469],[21.3901,62.2787],[21.3773,62.2296],[21.4016,62.2061],[21.4302,62.2215],[21.418,62.2029],[21.3827,62.1999],[21.358,62.1813],[21.3636,62.1373],[21.3456,62.1369],[21.3118,62.1523],[21.3238,62.1027],[21.315,62.0552],[21.2913,62.0134],[21.2901,61.9881],[21.3396,61.9996],[21.318,61.9682],[21.3292,61.9538]]]]},"properties":{"code":"MK15","name":"Pohjanmaa","hasData":true}},{"type":"Feature","geometry":{"type":"MultiPolygon","coordinates":[[[[23.2206,63.9357],[23.1981,63.9575],[23.1838,63.9473],[23.2206,63.9357]]],[[[23.2959,63.9327],[23.3098,63.9439],[23.2845,63.9477],[23.2959,63.9327]]],[[[22.8149,63.9118],[22.8026,63.9236],[22.7888,63.9133],[22.8149,63.9118]]],[[[22.9891,63.788],[22.9914,63.8128],[22.9301,63.8293],[22.9225,63.7933],[22.9539,63.782],[22.9891,63.788]]],[[[22.867,63.8383],[22.8868,63.8126],[22.8599,63.7847],[22.9332,63.7785],[22.9142,63.792],[22.9142,63.826],[22.9281,63.8309],[22.9663,63.8294],[22.9539,63.8461],[22.9589,63.8734],[22.9398,63.8896],[22.8982,63.901],[22.8523,63.8931],[22.8423,63.9046],[22.82,63.8985],[22.8258,63.8791],[22.8343,63.8707],[22.9051,63.8611],[22.8863,63.8521],[22.9021,63.8374],[22.867,63.8383]]],[[[24.359,63.1164],[24.5308,63.1575],[24.7729,63.1334],[24.7316,63.147],[24.7458,63.1979],[24.7626,63.2188],[24.7542,63.2659],[24.8036,63.2759],[24.7729,63.3587],[24.9025,63.4312],[25.0363,63.4581],[24.9134,63.5253],[24.8202,63.5866],[24.7541,63.6111],[24.6187,63.6509],[24.562,63.6888],[24.4255,63.8401],[24.2838,63.8624],[24.2475,63.8769],[24.2171,63.9329],[24.1798,63.9383],[24.099,64.0063],[24.0871,64.0711],[24.0043,64.0922],[23.9704,64.0953],[23.9613,64.077],[23.915,64.0669],[23.9282,64.0358],[23.885,64.0236],[23.8796,64.0124],[23.9283,63.9777],[23.9106,63.965],[23.8436,63.9699],[23.7783,63.997],[23.7116,63.9776],[23.6406,64.0391],[23.6173,64.0488],[23.5686,64.0405],[23.5441,64.0487],[23.4762,64.0566],[23.4396,64.0818],[23.4132,64.085],[23.3798,64.0564],[23.3816,64.027],[23.3941,63.983],[23.3647,63.9685],[23.4064,63.9417],[23.3677,63.9288],[23.3706,63.9129],[23.3142,63.9385],[23.3031,63.9249],[23.3218,63.9211],[23.288,63.91],[23.2611,63.9144],[23.2015,63.905],[23.1889,63.9129],[23.1341,63.9186],[23.1426,63.8995],[23.1208,63.8881],[23.0916,63.913],[23.0938,63.9003],[23.1325,63.8735],[23.1164,63.8578],[23.0876,63.8783],[23.0441,63.8759],[23.0416,63.861],[23.0172,63.8501],[23.0457,63.8377],[23.0263,63.8229],[23.0008,63.8249],[23.0169,63.8106],[23.0129,63.7913],[23.0746,63.7737],[23.2241,63.7188],[23.2484,63.7169],[23.2656,63.7415],[23.2916,63.7536],[23.3364,63.7613],[23.3919,63.7593],[23.4212,63.7533],[23.4443,63.7372],[23.4579,63.7416],[23.4553,63.7614],[23.4776,63.7791],[23.6187,63.7215],[23.6863,63.6993],[23.7441,63.6754],[23.7049,63.6565],[23.6499,63.6711],[23.6107,63.6503],[23.5321,63.6341],[23.4985,63.6565],[23.4688,63.6616],[23.4849,63.64],[23.4532,63.6291],[23.4577,63.6102],[23.4224,63.616],[23.491,63.5864],[23.5566,63.6041],[23.577,63.5869],[23.5786,63.5534],[23.651,63.5309],[23.66,63.4348],[23.7099,63.3829],[23.697,63.3803],[23.7707,63.3131],[23.862,63.2776],[23.956,63.276],[24.0167,63.2684],[24.097,63.245],[24.1724,63.2113],[24.2345,63.1707],[24.1708,63.148],[24.2032,63.1549],[24.2569,63.133],[24.3044,63.1411],[24.359,63.1164]]]]},"properties":{"code":"MK16","name":"Keski-Pohjanmaa","hasData":true}},{"type":"Feature","geometry":{"type":"MultiPolygon","coordinates":[[[[25.0192,65.4012],[25.0202,65.4177],[24.9955,65.4226],[24.9906,65.408],[25.0192,65.4012]]],[[[24.8337,65.3734],[24.8551,65.3867],[24.8167,65.3881],[24.8337,65.3734]]],[[[25.142,65.0992],[25.1941,65.1107],[25.1424,65.1096],[25.142,65.0992]]],[[[25.2466,65.0824],[25.2259,65.1066],[25.1914,65.0994],[25.2081,65.0885],[25.2466,65.0824]]],[[[25.3443,65.071],[25.347,65.1016],[25.2992,65.0974],[25.2924,65.0849],[25.3264,65.082],[25.3443,65.071]]],[[[25.4395,65.0236],[25.4152,65.0409],[25.4153,65.0241],[25.4395,65.0236]]],[[[25.4115,65.0031],[25.4321,65.0136],[25.3976,65.0119],[25.4115,65.0031]]],[[[24.7924,64.9417],[24.8463,64.9623],[24.878,64.9676],[24.8693,64.991],[24.881,65.0002],[24.8417,65.0335],[24.8207,65.0322],[24.8319,65.0551],[24.8917,65.0482],[24.915,65.0347],[25.0161,65.0309],[25.0612,65.0442],[25.0431,65.0547],[24.8991,65.0635],[24.8852,65.0835],[24.8236,65.0945],[24.7614,65.0834],[24.7067,65.0865],[24.6432,65.0812],[24.5912,65.0598],[24.556,65.0395],[24.5859,64.9963],[24.6147,64.9884],[24.6183,64.9747],[24.6549,64.9594],[24.6995,64.9612],[24.7229,64.9701],[24.7014,64.9748],[24.7468,64.9807],[24.7373,64.9601],[24.7924,64.9417]]],[[[23.6797,64.1707],[23.6502,64.2008],[23.5993,64.1923],[23.6075,64.1807],[23.6533,64.1903],[23.6797,64.1707]]],[[[25.0363,63.4581],[25.0819,63.4672],[25.113,63.5023],[25.1401,63.5743],[25.2511,63.6123],[25.348,63.5815],[25.4824,63.5326],[25.5411,63.5238],[25.6982,63.52],[25.7381,63.5149],[25.809,63.4945],[25.8928,63.4397],[25.9946,63.4291],[26.1386,63.4576],[26.1862,63.499],[26.1952,63.5693],[26.2918,63.5899],[26.2674,63.7051],[26.2428,63.8066],[26.2181,63.8316],[26.3735,63.8893],[26.598,63.9795],[26.8704,64.037],[26.7811,64.0571],[26.7675,64.2652],[26.7484,64.2785],[26.8138,64.3062],[26.8884,64.3015],[26.9261,64.3119],[26.9417,64.3271],[26.9641,64.2957],[27.0424,64.2845],[27.1878,64.3103],[27.1918,64.3499],[27.2476,64.3803],[27.2512,64.399],[27.18,64.441],[27.2055,64.474],[27.2722,64.4899],[27.2966,64.5019],[27.3479,64.55],[27.397,64.5719],[27.3885,64.5834],[27.3496,64.5969],[27.3685,64.6038],[27.2684,64.6247],[27.2669,64.661],[27.2302,64.7165],[27.2793,64.7173],[27.1981,64.7772],[27.1184,64.8148],[27.1481,64.8353],[27.3544,64.812],[27.3751,64.8308],[27.3609,64.843],[27.4026,64.8552],[27.3697,64.8899],[27.4054,64.9233],[27.3858,64.959],[27.2625,65.0273],[27.3299,65.0907],[27.4529,65.0872],[27.5721,65.0944],[27.667,65.1213],[27.7146,65.1177],[27.779,65.1066],[27.8943,65.0915],[27.9415,65.1798],[27.9482,65.2057],[28.0339,65.2386],[28.2854,65.2616],[28.6086,65.2867],[28.6044,65.3125],[28.6289,65.3538],[28.6571,65.3719],[28.6469,65.3893],[28.9555,65.4474],[29.0448,65.4375],[29.1161,65.4476],[29.2193,65.4936],[29.2132,65.5185],[29.3203,65.5209],[29.5049,65.488],[29.5484,65.5059],[29.6509,65.4976],[29.7547,65.4974],[29.7985,65.5263],[29.8639,65.5604],[29.754,65.6094],[29.7219,65.6371],[30.0171,65.6965],[30.0397,65.6873],[30.1385,65.6687],[30.1341,65.6997],[30.0685,65.895],[30.0244,65.9587],[29.9971,65.9788],[29.9894,66.0199],[29.9233,66.1271],[29.6968,66.2772],[29.6314,66.3663],[29.5729,66.4329],[29.258,66.4329],[29.2585,66.4081],[28.6953,66.4859],[28.6649,66.4129],[28.6129,66.4125],[28.5847,66.4009],[28.5746,66.3822],[28.5487,66.3829],[28.5464,66.3402],[28.5381,66.3326],[28.593,66.2679],[28.6389,66.2667],[28.6621,66.2473],[28.6885,66.2622],[28.7497,66.2545],[28.7588,66.2292],[28.7339,66.2061],[28.7684,66.1846],[28.7174,66.1604],[28.7158,66.1359],[28.6872,66.1275],[28.6042,66.1282],[28.6262,66.0904],[28.6458,66.0859],[28.6248,66.0709],[28.6968,66.0617],[28.7184,66.0433],[28.7445,66.0514],[28.7642,66.0433],[28.7484,66.0237],[28.7473,66.0018],[28.6693,65.9997],[28.652,65.9869],[28.5977,65.9874],[28.5982,65.9992],[28.4832,66.0039],[28.4826,65.9897],[28.4117,65.9863],[28.4226,66.0027],[28.3903,65.9963],[28.3925,65.9686],[28.3722,65.9602],[28.4329,65.9465],[28.4581,65.9188],[28.5088,65.8898],[28.5132,65.8462],[28.4672,65.8454],[28.2235,65.8006],[28.1435,65.8149],[27.7611,65.8273],[27.7675,65.8411],[27.6949,65.901],[27.6549,65.9604],[27.5969,65.9547],[27.565,65.9315],[27.5261,65.9216],[27.4815,65.9334],[27.4471,65.9286],[27.4074,65.9384],[27.1103,65.751],[27.072,65.7298],[27.0357,65.7384],[26.8247,65.7011],[26.6599,65.7102],[26.3687,65.7135],[26.1582,65.7256],[26.1601,65.8223],[25.7902,65.7407],[25.4245,65.7426],[25.3601,65.7274],[25.3076,65.685],[25.2307,65.6683],[25.1626,65.6359],[25.1293,65.6073],[25.0839,65.5875],[25.0827,65.5717],[25.1077,65.5727],[25.114,65.5505],[25.1504,65.57],[25.2022,65.563],[25.2116,65.542],[25.2513,65.5304],[25.2788,65.4921],[25.3248,65.4862],[25.3243,65.4684],[25.3464,65.4533],[25.3273,65.4524],[25.3664,65.4275],[25.2996,65.3994],[25.262,65.409],[25.2765,65.3701],[25.3063,65.3707],[25.3333,65.3596],[25.2747,65.3496],[25.2836,65.3392],[25.2342,65.3302],[25.3022,65.2943],[25.2659,65.2736],[25.2698,65.266],[25.3146,65.2671],[25.2971,65.2435],[25.3454,65.2327],[25.281,65.2371],[25.2917,65.2207],[25.2558,65.2199],[25.3023,65.1991],[25.2646,65.196],[25.2694,65.1727],[25.2259,65.1698],[25.2382,65.1354],[25.2295,65.127],[25.2963,65.1233],[25.3438,65.1049],[25.3826,65.0979],[25.3773,65.091],[25.4053,65.0536],[25.4284,65.0352],[25.475,65.0185],[25.4166,64.9969],[25.4825,64.9744],[25.4877,64.9614],[25.4633,64.9484],[25.4303,64.946],[25.3841,64.9623],[25.3256,64.9904],[25.2527,65.0027],[25.2157,65.0042],[25.2127,64.9838],[25.193,64.978],[25.2238,64.9453],[25.3365,64.9056],[25.3553,64.9106],[25.3915,64.8986],[25.3545,64.8574],[25.3511,64.8456],[25.3128,64.8283],[25.294,64.8283],[25.2989,64.8575],[25.2605,64.8721],[25.2194,64.8721],[25.1991,64.8806],[25.2054,64.8949],[25.1676,64.9048],[25.1468,64.8958],[25.126,64.9187],[25.0928,64.9216],[25.0817,64.9137],[25.0364,64.9085],[25.0016,64.9131],[24.9559,64.907],[24.9594,64.888],[24.9355,64.8822],[24.814,64.8867],[24.7926,64.8754],[24.6982,64.8695],[24.6737,64.8399],[24.6738,64.8184],[24.6548,64.8025],[24.6537,64.8273],[24.6142,64.8322],[24.5413,64.814],[24.5807,64.7854],[24.5574,64.748],[24.5689,64.7378],[24.5536,64.721],[24.5153,64.7145],[24.4923,64.6995],[24.4415,64.6931],[24.466,64.684],[24.4086,64.6672],[24.3983,64.6254],[24.365,64.6056],[24.3807,64.5799],[24.3662,64.5765],[24.3701,64.5456],[24.3326,64.5296],[24.3013,64.5244],[24.2678,64.5379],[24.2463,64.5333],[24.291,64.4998],[24.2329,64.4993],[24.2023,64.4847],[24.1711,64.4569],[24.1321,64.4551],[24.1216,64.444],[24.0871,64.4431],[24.1004,64.4251],[24.0893,64.4133],[24.0336,64.4147],[24.0157,64.3929],[24.0002,64.3906],[23.981,64.3618],[23.9897,64.3574],[23.919,64.3311],[23.9153,64.289],[23.8639,64.284],[23.8518,64.289],[23.8202,64.2621],[23.8341,64.2556],[23.807,64.2357],[23.7638,64.2231],[23.684,64.2165],[23.7205,64.1857],[23.6906,64.1764],[23.6967,64.1668],[23.6461,64.1368],[23.642,64.1185],[23.605,64.1254],[23.5812,64.1173],[23.5955,64.0948],[23.6325,64.0711],[23.6173,64.0488],[23.6406,64.0391],[23.7116,63.9776],[23.7783,63.997],[23.8436,63.9699],[23.9106,63.965],[23.9283,63.9777],[23.8796,64.0124],[23.885,64.0236],[23.9282,64.0358],[23.915,64.0669],[23.9613,64.077],[23.9704,64.0953],[24.0043,64.0922],[24.0871,64.0711],[24.099,64.0063],[24.1798,63.9383],[24.2171,63.9329],[24.2475,63.8769],[24.2838,63.8624],[24.4255,63.8401],[24.562,63.6888],[24.6187,63.6509],[24.7541,63.6111],[24.8202,63.5866],[24.9134,63.5253],[25.0363,63.4581]]]]},"properties":{"code":"MK17","name":"Pohjois-Pohjanmaa","hasData":true}},{"type":"Feature","geometry":{"type":"Polygon","coordinates":[[[26.8704,64.037],[27.0125,63.999],[27.1193,63.9908],[27.1312,63.9976],[27.2611,63.9893],[27.4187,63.9664],[27.4285,63.9479],[27.497,63.9497],[27.4778,63.9615],[27.5406,63.9564],[27.6503,63.9187],[27.6639,63.923],[27.745,63.9084],[27.8928,63.8491],[27.9103,63.8521],[28.0609,63.7815],[28.1446,63.7247],[28.2013,63.7096],[28.2562,63.6745],[28.2739,63.6688],[28.3596,63.7548],[28.4737,63.8584],[28.46,63.8711],[28.5008,63.8824],[28.8851,63.8358],[29.1119,63.8464],[29.3114,63.8528],[29.5439,63.8715],[29.6825,63.8789],[29.7227,63.748],[29.7757,63.7034],[29.8747,63.7492],[29.9719,63.7572],[30.1503,63.801],[30.2604,63.822],[30.3209,63.9095],[30.3536,63.9321],[30.447,63.9828],[30.528,64.0489],[30.5536,64.1017],[30.5534,64.1322],[30.5159,64.155],[30.4664,64.2044],[30.5096,64.2217],[30.4824,64.2623],[30.3883,64.2691],[30.3608,64.2813],[30.3669,64.2997],[30.3021,64.3199],[30.2855,64.3298],[30.2102,64.3505],[30.1372,64.358],[30.1099,64.365],[30.0449,64.402],[30.0583,64.4509],[30.0459,64.4721],[30.0244,64.483],[30.0297,64.5006],[30.0146,64.5043],[29.987,64.5339],[29.9974,64.5773],[29.9894,64.5876],[30.0543,64.6153],[30.119,64.6259],[30.1358,64.649],[30.0537,64.713],[30.0414,64.7412],[30.0911,64.765],[30.0865,64.774],[30.0429,64.7929],[29.8976,64.7935],[29.8688,64.7898],[29.7396,64.7898],[29.6875,64.8188],[29.6997,64.8372],[29.6449,64.8665],[29.611,64.9273],[29.6192,64.9597],[29.5993,64.9951],[29.6144,65.0128],[29.627,65.0606],[29.7327,65.0913],[29.8309,65.0919],[29.8969,65.1051],[29.8193,65.1443],[29.8936,65.193],[29.8595,65.2152],[29.7641,65.2289],[29.634,65.2316],[29.6018,65.2599],[29.6093,65.2758],[29.6461,65.2891],[29.7466,65.3474],[29.7314,65.374],[29.7274,65.4003],[29.733,65.4725],[29.7547,65.4974],[29.6509,65.4976],[29.5484,65.5059],[29.5049,65.488],[29.3203,65.5209],[29.2132,65.5185],[29.2193,65.4936],[29.1161,65.4476],[29.0448,65.4375],[28.9555,65.4474],[28.6469,65.3893],[28.6571,65.3719],[28.6289,65.3538],[28.6044,65.3125],[28.6086,65.2867],[28.2854,65.2616],[28.0339,65.2386],[27.9482,65.2057],[27.9415,65.1798],[27.8943,65.0915],[27.779,65.1066],[27.7146,65.1177],[27.667,65.1213],[27.5721,65.0944],[27.4529,65.0872],[27.3299,65.0907],[27.2625,65.0273],[27.3858,64.959],[27.4054,64.9233],[27.3697,64.8899],[27.4026,64.8552],[27.3609,64.843],[27.3751,64.8308],[27.3544,64.812],[27.1481,64.8353],[27.1184,64.8148],[27.1981,64.7772],[27.2793,64.7173],[27.2302,64.7165],[27.2669,64.661],[27.2684,64.6247],[27.3685,64.6038],[27.3496,64.5969],[27.3885,64.5834],[27.397,64.5719],[27.3479,64.55],[27.2966,64.5019],[27.2722,64.4899],[27.2055,64.474],[27.18,64.441],[27.2512,64.399],[27.2476,64.3803],[27.1918,64.3499],[27.1878,64.3103],[27.0424,64.2845],[26.9641,64.2957],[26.9417,64.3271],[26.9261,64.3119],[26.8884,64.3015],[26.8138,64.3062],[26.7484,64.2785],[26.7675,64.2652],[26.7811,64.0571],[26.8704,64.037]]]},"properties":{"code":"MK18","name":"Kainuu","hasData":true}},{"type":"Feature","geometry":{"type":"MultiPolygon","coordinates":[[[[24.5148,65.6896],[24.5401,65.7194],[24.5213,65.7269],[24.4982,65.6927],[24.5148,65.6896]]],[[[24.5419,65.6553],[24.5856,65.6575],[24.6031,65.6735],[24.5883,65.6849],[24.6068,65.6997],[24.5555,65.6766],[24.5166,65.6757],[24.5152,65.6641],[24.5419,65.6553]]],[[[25.0483,65.6007],[25.0526,65.6158],[25.0262,65.6106],[25.0483,65.6007]]],[[[24.9552,65.5989],[24.9518,65.6201],[24.9342,65.6114],[24.9552,65.5989]]],[[[25.0839,65.5875],[25.1293,65.6073],[25.1626,65.6359],[25.2307,65.6683],[25.3076,65.685],[25.3601,65.7274],[25.4245,65.7426],[25.7902,65.7407],[26.1601,65.8223],[26.1582,65.7256],[26.3687,65.7135],[26.6599,65.7102],[26.8247,65.7011],[27.0357,65.7384],[27.072,65.7298],[27.1103,65.751],[27.4074,65.9384],[27.4471,65.9286],[27.4815,65.9334],[27.5261,65.9216],[27.565,65.9315],[27.5969,65.9547],[27.6549,65.9604],[27.6949,65.901],[27.7675,65.8411],[27.7611,65.8273],[28.1435,65.8149],[28.2235,65.8006],[28.4672,65.8454],[28.5132,65.8462],[28.5088,65.8898],[28.4581,65.9188],[28.4329,65.9465],[28.3722,65.9602],[28.3925,65.9686],[28.3903,65.9963],[28.4226,66.0027],[28.4117,65.9863],[28.4826,65.9897],[28.4832,66.0039],[28.5982,65.9992],[28.5977,65.9874],[28.652,65.9869],[28.6693,65.9997],[28.7473,66.0018],[28.7484,66.0237],[28.7642,66.0433],[28.7445,66.0514],[28.7184,66.0433],[28.6968,66.0617],[28.6248,66.0709],[28.6458,66.0859],[28.6262,66.0904],[28.6042,66.1282],[28.6872,66.1275],[28.7158,66.1359],[28.7174,66.1604],[28.7684,66.1846],[28.7339,66.2061],[28.7588,66.2292],[28.7497,66.2545],[28.6885,66.2622],[28.6621,66.2473],[28.6389,66.2667],[28.593,66.2679],[28.5381,66.3326],[28.5464,66.3402],[28.5487,66.3829],[28.5746,66.3822],[28.5847,66.4009],[28.6129,66.4125],[28.6649,66.4129],[28.6953,66.4859],[29.2585,66.4081],[29.258,66.4329],[29.5729,66.4329],[29.5196,66.4963],[29.4721,66.5439],[29.4106,66.5832],[29.419,66.592],[29.3826,66.5984],[29.3861,66.6075],[29.3563,66.64],[29.1494,66.7804],[29.1059,66.7904],[29.119,66.8015],[29.0605,66.8531],[29.0332,66.9255],[29.041,66.9615],[29.0729,66.9959],[29.3472,67.1691],[29.5165,67.2807],[29.5045,67.2856],[29.5226,67.3099],[29.571,67.3108],[29.5843,67.3308],[29.6116,67.3264],[29.6441,67.3358],[29.6166,67.3452],[29.6456,67.3547],[29.6578,67.3704],[29.7161,67.3926],[29.8401,67.4792],[29.9302,67.5225],[30.017,67.6736],[29.6594,67.803],[29.3271,68.0745],[28.6462,68.1963],[28.4339,68.5397],[28.7064,68.7322],[28.8008,68.8693],[28.6613,68.8864],[28.468,68.8854],[28.4158,68.9155],[28.4958,68.9301],[28.9293,69.0519],[28.8546,69.0766],[28.8054,69.1112],[28.8303,69.1719],[28.8315,69.2244],[29.2193,69.3976],[29.3365,69.4783],[29.1705,69.639],[29.1339,69.6953],[28.917,69.7298],[28.4042,69.8184],[28.3305,69.8492],[28.3453,69.8808],[28.1607,69.921],[27.9843,70.014],[27.977,70.0542],[27.9595,70.0927],[27.8074,70.077],[27.7438,70.0642],[27.6929,70.0766],[27.6125,70.0746],[27.5702,70.0656],[27.5407,70.0456],[27.526,70.0235],[27.4286,70.0192],[27.3842,69.9999],[27.2766,69.9792],[27.3007,69.9547],[27.1308,69.9322],[27.0999,69.9176],[27.0312,69.9109],[26.986,69.9351],[26.9302,69.9394],[26.8787,69.9333],[26.8487,69.9602],[26.7848,69.9586],[26.7205,69.945],[26.6787,69.9648],[26.5537,69.9481],[26.4671,69.9395],[26.4551,69.9187],[26.4075,69.9015],[26.4142,69.8791],[26.3822,69.8541],[26.309,69.8304],[26.2479,69.8175],[26.248,69.7966],[26.1512,69.7561],[26.1356,69.7386],[26.0507,69.7204],[26.0005,69.7197],[25.9423,69.6844],[25.8915,69.6655],[25.9553,69.6465],[25.9589,69.6212],[25.9766,69.6102],[25.942,69.5756],[25.8944,69.5584],[25.8445,69.5505],[25.8738,69.5299],[25.8485,69.4932],[25.8646,69.4758],[25.8349,69.4682],[25.7972,69.4219],[25.8466,69.3937],[25.8319,69.3894],[25.8168,69.3597],[25.785,69.3559],[25.7418,69.3191],[25.7424,69.2757],[25.7033,69.2552],[25.6999,69.2314],[25.7133,69.2116],[25.6939,69.204],[25.7431,69.1372],[25.7201,69.1097],[25.7239,69.08],[25.7528,69.0573],[25.7446,69.044],[25.7756,69.0144],[25.713,68.9812],[25.7136,68.9669],[25.6268,68.8927],[25.5881,68.8833],[25.5305,68.888],[25.4748,68.9045],[25.3122,68.8631],[25.2433,68.8414],[25.2294,68.8248],[25.1592,68.8003],[25.1257,68.7564],[25.1082,68.6806],[25.115,68.6387],[25.0655,68.6207],[25.0211,68.6237],[24.9959,68.6122],[24.9579,68.6163],[24.9169,68.6052],[24.9032,68.5546],[24.8572,68.5622],[24.7834,68.6362],[24.6084,68.6819],[24.3023,68.7174],[24.251,68.7271],[24.208,68.7453],[24.153,68.7536],[24.1586,68.7897],[24.0756,68.78],[23.9833,68.8271],[23.8715,68.8365],[23.7754,68.8189],[23.7311,68.7508],[23.6735,68.7055],[23.4406,68.6922],[23.1676,68.6285],[23.046,68.6893],[22.8008,68.6875],[22.6044,68.7266],[22.5354,68.7445],[22.3745,68.7167],[22.3408,68.8272],[22.1919,68.9188],[22.1758,68.9563],[21.9836,69.0729],[21.8464,69.1442],[21.7233,69.2145],[21.6271,69.2766],[21.2788,69.3119],[21.0962,69.2609],[21.0033,69.2223],[20.9876,69.1919],[21.0467,69.1395],[21.0556,69.1221],[21.1087,69.1039],[21.0575,69.0363],[20.7173,69.1198],[20.5523,69.0601],[20.6276,69.0459],[20.6887,69.0431],[20.7763,69.0322],[20.8107,69.019],[20.8333,68.9967],[20.8822,68.9837],[20.9117,68.9687],[20.8924,68.9417],[20.8435,68.9364],[20.9031,68.8997],[20.9792,68.8918],[20.9901,68.8979],[21.1271,68.854],[21.1453,68.8403],[21.2353,68.8134],[21.2649,68.7826],[21.2977,68.7629],[21.3869,68.7654],[21.4111,68.749],[21.4037,68.7375],[21.4189,68.6964],[21.4999,68.6769],[21.5582,68.6763],[21.6142,68.6651],[21.6266,68.6551],[21.6985,68.6317],[21.7108,68.6178],[21.6994,68.5969],[21.7751,68.5855],[21.8383,68.5918],[21.889,68.5844],[21.9905,68.5345],[22.0097,68.5006],[22.0419,68.4802],[22.1203,68.4806],[22.1511,68.4706],[22.1912,68.4807],[22.2187,68.4734],[22.251,68.4829],[22.3485,68.4819],[22.3404,68.4454],[22.4134,68.4663],[22.4669,68.4419],[22.5014,68.4429],[22.5534,68.4349],[22.5721,68.4226],[22.6372,68.4351],[22.6447,68.4174],[22.6785,68.4115],[22.7326,68.3857],[22.7975,68.3941],[22.8438,68.3837],[22.8343,68.3661],[22.8928,68.349],[22.9152,68.3342],[22.9706,68.3327],[22.9863,68.3204],[23.0658,68.3004],[23.0613,68.2792],[23.1121,68.2519],[23.1428,68.2468],[23.1506,68.2336],[23.1405,68.2043],[23.1607,68.1986],[23.1403,68.1824],[23.1388,68.1559],[23.169,68.1337],[23.2187,68.1481],[23.2767,68.158],[23.3064,68.1486],[23.3718,68.0681],[23.3985,68.0433],[23.4634,68.0308],[23.4645,68.0215],[23.534,68.0056],[23.5382,67.9919],[23.5732,67.9724],[23.6463,67.9628],[23.6645,67.9411],[23.6455,67.9195],[23.5787,67.892],[23.5528,67.8977],[23.5156,67.8845],[23.4764,67.8426],[23.4714,67.8176],[23.4931,67.7914],[23.4787,67.7005],[23.4991,67.6806],[23.4901,67.6657],[23.5581,67.621],[23.5372,67.6034],[23.5433,67.5826],[23.5064,67.5633],[23.4549,67.562],[23.4839,67.5408],[23.4738,67.53],[23.4035,67.5006],[23.3925,67.4851],[23.4112,67.4665],[23.4937,67.4466],[23.5297,67.4593],[23.6739,67.4425],[23.7099,67.4457],[23.7646,67.4282],[23.7518,67.4079],[23.7171,67.3862],[23.7375,67.3519],[23.7771,67.3358],[23.749,67.3219],[23.7297,67.2883],[23.6251,67.272],[23.5753,67.2684],[23.5515,67.2482],[23.5463,67.2252],[23.5959,67.2078],[23.5879,67.1907],[23.5569,67.1796],[23.5545,67.1675],[23.626,67.1177],[23.655,67.1034],[23.6721,67.0657],[23.7132,67.0441],[23.7386,67.0178],[23.8012,66.9891],[23.8279,66.9616],[23.8621,66.9515],[23.8647,66.9187],[23.9357,66.8835],[23.9953,66.8212],[23.9753,66.7879],[23.9561,66.7853],[23.9111,66.7954],[23.9157,66.7719],[23.8775,66.757],[23.9078,66.7212],[23.8949,66.711],[23.8868,66.6752],[23.865,66.6553],[23.8852,66.6154],[23.8769,66.5786],[23.8528,66.5559],[23.7896,66.5374],[23.794,66.5166],[23.7314,66.5032],[23.7144,66.493],[23.7198,66.4772],[23.6881,66.4734],[23.6501,66.4548],[23.6428,66.425],[23.6849,66.3869],[23.6572,66.3483],[23.6482,66.3021],[23.6729,66.2735],[23.6685,66.2625],[23.7013,66.2426],[23.6943,66.2284],[23.7329,66.2068],[23.7276,66.1954],[23.7821,66.187],[23.832,66.1708],[23.8919,66.1677],[23.9299,66.1499],[23.9139,66.1362],[23.9415,66.1202],[23.9383,66.0768],[23.9748,66.0581],[23.9968,66.0352],[24.0454,66.0019],[24.053,65.9747],[24.04,65.9697],[24.0536,65.9516],[24.088,65.9315],[24.1176,65.9271],[24.1154,65.8988],[24.1532,65.8626],[24.1252,65.8515],[24.1446,65.841],[24.1553,65.8155],[24.1296,65.7845],[24.1444,65.7802],[24.1571,65.7525],[24.2366,65.7729],[24.2196,65.7843],[24.2574,65.797],[24.3019,65.7923],[24.3112,65.8044],[24.3582,65.7843],[24.4232,65.7706],[24.4253,65.7417],[24.4467,65.747],[24.5517,65.7424],[24.5558,65.7269],[24.5781,65.7285],[24.6045,65.7132],[24.6381,65.7062],[24.6451,65.6939],[24.6153,65.7014],[24.6097,65.6906],[24.6777,65.6589],[24.6594,65.639],[24.7022,65.6308],[24.7541,65.6666],[24.7909,65.6496],[24.8205,65.6657],[24.8382,65.6599],[24.869,65.6671],[24.8984,65.6588],[24.8972,65.6452],[24.9484,65.6309],[24.978,65.634],[25.0479,65.6222],[25.0752,65.6048],[25.0839,65.5875]]]]},"properties":{"code":"MK19","name":"Lappi","hasData":true}},{"type":"Feature","geometry":{"type":"MultiPolygon","coordinates":[[[[21.0533,60.5393],[21.0685,60.5583],[21.0292,60.5518],[21.0533,60.5393]]],[[[21.099,60.5147],[21.0878,60.5349],[21.0453,60.53],[21.0663,60.5172],[21.099,60.5147]]],[[[20.0589,60.4277],[20.065,60.4392],[20.0356,60.4311],[20.0589,60.4277]]],[[[19.7801,60.3824],[19.799,60.4129],[19.7632,60.407],[19.773,60.4274],[19.753,60.4279],[19.7507,60.4155],[19.7801,60.3824]]],[[[20.9379,60.438],[20.9531,60.4602],[20.9249,60.4779],[20.9255,60.4425],[20.9379,60.438]]],[[[21.0714,60.4413],[21.1,60.46],[21.1016,60.482],[21.0491,60.5061],[21.0372,60.4936],[21.0681,60.487],[21.0533,60.4646],[21.0714,60.4413]]],[[[19.7209,60.3716],[19.7371,60.3912],[19.7127,60.3956],[19.7026,60.3826],[19.7209,60.3716]]],[[[21.0323,60.4276],[21.0441,60.4369],[21.014,60.437],[21.0323,60.4276]]],[[[20.094,60.3817],[20.1202,60.3992],[20.1001,60.4042],[20.0735,60.3928],[20.094,60.3817]]],[[[19.7049,60.3584],[19.6999,60.3795],[19.6874,60.3671],[19.7049,60.3584]]],[[[20.1159,60.3755],[20.1298,60.3926],[20.1073,60.3838],[20.1159,60.3755]]],[[[19.7397,60.3534],[19.7373,60.3582],[19.7662,60.3707],[19.7352,60.3692],[19.729,60.3633],[19.7397,60.3534]]],[[[20.6206,60.3974],[20.6168,60.419],[20.5995,60.4029],[20.6206,60.3974]]],[[[19.7712,60.3482],[19.7806,60.3583],[19.7427,60.3572],[19.7712,60.3482]]],[[[20.9896,60.4084],[20.9944,60.4316],[20.9685,60.4245],[20.9499,60.437],[20.9453,60.4256],[20.9682,60.4243],[20.9896,60.4084]]],[[[19.591,60.3304],[19.6193,60.3704],[19.5788,60.3559],[19.5726,60.3405],[19.591,60.3304]]],[[[20.778,60.3859],[20.7722,60.4105],[20.7573,60.4056],[20.778,60.3859]]],[[[19.6913,60.328],[19.6954,60.347],[19.6759,60.338],[19.6913,60.328]]],[[[21.0511,60.3956],[21.0711,60.4138],[21.0511,60.4292],[21.0322,60.4174],[21.0511,60.3956]]],[[[19.8058,60.328],[19.8158,60.3457],[19.8005,60.3622],[19.7806,60.3394],[19.8058,60.328]]],[[[19.7001,60.3161],[19.7237,60.3195],[19.7195,60.3314],[19.7001,60.3161]]],[[[21.0329,60.3761],[21.0262,60.3965],[21.0126,60.3928],[21.0329,60.3761]]],[[[20.317,60.3323],[20.3303,60.3419],[20.3249,60.366],[20.293,60.3492],[20.2982,60.3334],[20.317,60.3323]]],[[[20.3912,60.3324],[20.4234,60.3421],[20.3972,60.3492],[20.3912,60.3324]]],[[[20.3612,60.3305],[20.3869,60.351],[20.34,60.3597],[20.3378,60.3433],[20.3612,60.3305]]],[[[20.874,60.3465],[20.8784,60.3617],[20.858,60.3695],[20.874,60.3465]]],[[[19.8244,60.2716],[19.8492,60.3087],[19.8275,60.3188],[19.8034,60.2982],[19.8244,60.2716]]],[[[21.0839,60.332],[21.073,60.3628],[21.0486,60.3667],[21.0839,60.332]]],[[[20.4186,60.2988],[20.4544,60.3058],[20.4371,60.3126],[20.4186,60.2988]]],[[[20.7453,60.3142],[20.7821,60.3285],[20.795,60.3537],[20.7848,60.366],[20.7567,60.3703],[20.7322,60.3354],[20.7453,60.3142]]],[[[19.4774,60.2363],[19.4913,60.2392],[19.4884,60.2511],[19.4925,60.2691],[19.4835,60.27],[19.4774,60.2363]]],[[[19.5383,60.2357],[19.5106,60.264],[19.4913,60.2522],[19.4956,60.2356],[19.5142,60.2517],[19.5383,60.2357]]],[[[20.5074,60.2797],[20.5042,60.3014],[20.4926,60.2922],[20.5074,60.2797]]],[[[20.9453,60.3003],[20.9376,60.3277],[20.9154,60.3528],[20.9031,60.3427],[20.9258,60.3109],[20.9453,60.3003]]],[[[20.4023,60.2723],[20.4055,60.3035],[20.3671,60.3036],[20.4023,60.2723]]],[[[20.979,60.298],[20.9953,60.3048],[20.9953,60.3286],[20.9697,60.3271],[20.9513,60.3133],[20.979,60.298]]],[[[21.0615,60.2924],[21.0493,60.3094],[21.0308,60.3071],[21.0615,60.2924]]],[[[20.2854,60.246],[20.3036,60.2491],[20.2947,60.2635],[20.2854,60.246]]],[[[20.8609,60.236],[20.8572,60.2604],[20.8391,60.2529],[20.8609,60.236]]],[[[20.2646,60.2036],[20.2814,60.222],[20.2582,60.2247],[20.2432,60.2129],[20.2646,60.2036]]],[[[20.8067,60.2243],[20.7936,60.2472],[20.8132,60.2406],[20.8398,60.2484],[20.8301,60.2721],[20.7962,60.2915],[20.7586,60.2839],[20.7547,60.2525],[20.7695,60.2322],[20.8067,60.2243]]],[[[20.7277,60.2192],[20.7481,60.2285],[20.7262,60.2516],[20.7277,60.2192]]],[[[19.6827,60.1625],[19.6942,60.1786],[19.6761,60.1822],[19.6827,60.1625]]],[[[20.3729,60.196],[20.3931,60.2027],[20.3924,60.218],[20.4114,60.2215],[20.4319,60.2466],[20.4043,60.2656],[20.3349,60.2868],[20.3451,60.2584],[20.3222,60.255],[20.3418,60.2311],[20.3586,60.2297],[20.3729,60.196]]],[[[19.5754,60.1433],[19.6037,60.155],[19.5914,60.1635],[19.6078,60.1878],[19.5922,60.1921],[19.5884,60.2166],[19.6158,60.1808],[19.6548,60.1837],[19.6457,60.1699],[19.6667,60.1713],[19.6841,60.2245],[19.658,60.227],[19.6435,60.2543],[19.652,60.2591],[19.6113,60.2883],[19.6087,60.3125],[19.59,60.294],[19.5884,60.2735],[19.5338,60.2564],[19.5455,60.2164],[19.5179,60.2099],[19.5139,60.1783],[19.5444,60.1474],[19.5754,60.1433]]],[[[20.2597,60.176],[20.2784,60.183],[20.2844,60.201],[20.3175,60.2032],[20.3138,60.2281],[20.292,60.219],[20.2735,60.1953],[20.255,60.1907],[20.2597,60.176]]],[[[20.6813,60.1892],[20.7171,60.2],[20.7051,60.2228],[20.6722,60.234],[20.6579,60.2078],[20.6813,60.1892]]],[[[20.3267,60.1588],[20.3514,60.1653],[20.3459,60.1781],[20.3267,60.1588]]],[[[20.4031,60.1573],[20.4322,60.1623],[20.4414,60.1766],[20.3912,60.1617],[20.4031,60.1573]]],[[[20.3045,60.1466],[20.3161,60.1593],[20.2907,60.1621],[20.3045,60.1466]]],[[[20.5754,60.1573],[20.6082,60.1625],[20.597,60.1716],[20.5754,60.1573]]],[[[20.6758,60.1097],[20.6906,60.1259],[20.6574,60.1475],[20.6347,60.1445],[20.6351,60.1328],[20.6758,60.1097]]],[[[20.5568,60.0925],[20.5687,60.1083],[20.5421,60.1047],[20.5047,60.1136],[20.4801,60.1062],[20.5568,60.0925]]],[[[19.9577,60.0609],[19.9624,60.0859],[19.9443,60.1113],[19.9711,60.114],[19.9811,60.0926],[19.9877,60.1099],[20.0156,60.0968],[20.0357,60.1013],[20.0509,60.1203],[20.0249,60.1259],[20.0188,60.1493],[20.0402,60.163],[20.0358,60.1931],[20.0054,60.1775],[19.9866,60.1906],[19.9325,60.2039],[19.9271,60.2497],[19.9394,60.2191],[19.9328,60.211],[19.9732,60.2027],[19.998,60.1845],[20.0006,60.2059],[20.0186,60.2354],[20.0019,60.2414],[19.9848,60.2699],[20.0148,60.2553],[20.0251,60.2815],[20.0433,60.296],[20.0346,60.318],[20.057,60.3063],[20.0237,60.27],[20.0138,60.2435],[20.0465,60.2245],[20.0317,60.213],[20.0559,60.199],[20.09,60.224],[20.0648,60.198],[20.0925,60.1839],[20.1207,60.1983],[20.1265,60.1878],[20.167,60.1749],[20.1794,60.1923],[20.2059,60.2073],[20.2183,60.197],[20.243,60.2168],[20.2114,60.2471],[20.2387,60.2416],[20.2546,60.2503],[20.2453,60.2626],[20.2584,60.2857],[20.2119,60.2992],[20.2067,60.31],[20.1819,60.2858],[20.174,60.2945],[20.2096,60.3229],[20.1913,60.3457],[20.1457,60.353],[20.1554,60.3345],[20.128,60.3417],[20.1136,60.3583],[20.1198,60.3688],[20.0667,60.3727],[20.0542,60.3656],[20.012,60.3756],[20.0256,60.3611],[19.9868,60.3751],[19.9534,60.3745],[19.9365,60.3573],[19.9381,60.3788],[19.9629,60.4014],[19.9282,60.3958],[19.9336,60.4071],[19.916,60.4227],[19.8485,60.4251],[19.8344,60.4112],[19.8171,60.4157],[19.7947,60.3883],[19.8133,60.3774],[19.7817,60.3679],[19.8238,60.357],[19.8329,60.327],[19.8599,60.3254],[19.8873,60.3425],[19.9091,60.3402],[19.9082,60.3215],[19.8865,60.3036],[19.8766,60.3239],[19.8428,60.3151],[19.8677,60.3107],[19.8757,60.2902],[19.8951,60.3006],[19.8969,60.2822],[19.8654,60.2678],[19.8525,60.246],[19.823,60.2531],[19.8298,60.2699],[19.8091,60.263],[19.8036,60.2318],[19.825,60.2081],[19.8036,60.2007],[19.799,60.2282],[19.7858,60.2531],[19.7808,60.2433],[19.7657,60.2646],[19.8087,60.3194],[19.7683,60.3228],[19.7638,60.3352],[19.7402,60.3315],[19.7719,60.2976],[19.7515,60.2992],[19.7491,60.2813],[19.7208,60.2985],[19.7026,60.2895],[19.7036,60.2632],[19.6922,60.2635],[19.6973,60.2908],[19.6489,60.303],[19.6349,60.2913],[19.659,60.2789],[19.6581,60.2491],[19.6901,60.2282],[19.6878,60.2062],[19.7035,60.1633],[19.7349,60.113],[19.7686,60.0906],[19.7852,60.1066],[19.8099,60.1099],[19.8146,60.0921],[19.863,60.0904],[19.9019,60.1205],[19.9121,60.1173],[19.8787,60.0992],[19.9146,60.0891],[19.9184,60.1167],[19.9373,60.0755],[19.9577,60.0609]]],[[[20.3055,60.0783],[20.3157,60.0915],[20.2906,60.0884],[20.3055,60.0783]]],[[[20.4964,60.0834],[20.5157,60.0863],[20.4841,60.0964],[20.459,60.0965],[20.4564,60.0816],[20.4964,60.0834]]],[[[20.5967,60.085],[20.6013,60.0992],[20.5749,60.096],[20.5967,60.085]]],[[[20.2483,60.0664],[20.2716,60.0713],[20.2628,60.0937],[20.271,60.107],[20.3023,60.1132],[20.287,60.1192],[20.2955,60.1491],[20.2298,60.168],[20.2206,60.1501],[20.2366,60.1407],[20.2101,60.1298],[20.2226,60.1169],[20.2001,60.0943],[20.2239,60.0923],[20.2309,60.0756],[20.2531,60.0782],[20.2483,60.0664]]],[[[20.3374,60.0675],[20.351,60.0755],[20.3414,60.0884],[20.3256,60.0674],[20.3374,60.0675]]],[[[20.5529,60.0775],[20.5577,60.0887],[20.5042,60.094],[20.5529,60.0775]]],[[[19.9812,60.0347],[19.9821,60.0526],[19.9529,60.0399],[19.9812,60.0347]]],[[[20.8073,60.0648],[20.8121,60.0776],[20.7899,60.0698],[20.8073,60.0648]]],[[[20.3704,60.034],[20.4013,60.0473],[20.3814,60.0528],[20.3704,60.034]]],[[[20.005,60.0075],[20.0212,60.0145],[20.0071,60.0264],[19.9801,60.0283],[20.005,60.0075]]],[[[20.413,60.0182],[20.4409,60.0217],[20.4602,60.0585],[20.4504,60.067],[20.4176,60.0556],[20.3741,60.0247],[20.413,60.0182]]],[[[20.463,60.0123],[20.4844,60.0277],[20.5216,60.0426],[20.5135,60.0503],[20.5323,60.0652],[20.4635,60.058],[20.4702,60.038],[20.4514,60.0208],[20.463,60.0123]]],[[[20.5425,60.0063],[20.5889,60.015],[20.6065,60.0391],[20.5786,60.0424],[20.5509,60.0616],[20.5235,60.0505],[20.5317,60.0403],[20.4958,60.0222],[20.5045,60.0083],[20.5425,60.0063]]],[[[20.4429,59.9863],[20.454,60.0042],[20.4298,60.0149],[20.3859,60.0167],[20.4146,59.9948],[20.4429,59.9863]]],[[[20.1794,59.9686],[20.2031,59.982],[20.2118,59.9985],[20.2346,60.0103],[20.2056,60.027],[20.2236,60.077],[20.2105,60.0899],[20.1916,60.0797],[20.16,60.0934],[20.1391,60.0892],[20.0816,60.108],[20.0717,60.0852],[20.0381,60.0825],[20.0204,60.0955],[19.9745,60.0741],[20.0183,60.0685],[20.047,60.039],[20.0827,60.0507],[20.1175,60.0199],[20.1104,60.0035],[20.1538,59.9961],[20.1687,60.0164],[20.1833,60.0091],[20.1907,59.9841],[20.1794,59.9686]]],[[[20.3838,59.9785],[20.4135,59.994],[20.3812,60.0163],[20.3521,60.0215],[20.2916,59.9869],[20.3089,59.978],[20.3579,59.9928],[20.3838,59.9785]]],[[[20.9838,59.9185],[20.9983,59.9545],[20.9804,59.9504],[20.9376,59.9632],[20.9102,59.9558],[20.935,59.9338],[20.9536,59.9351],[20.9838,59.9185]]],[[[20.9273,59.9123],[20.968,59.9249],[20.9505,59.9336],[20.9176,59.9326],[20.9273,59.9123]]],[[[20.923,59.9023],[20.9089,59.9173],[20.9021,59.9452],[20.8656,59.9381],[20.8615,59.9193],[20.8991,59.9041],[20.923,59.9023]]]]},"properties":{"code":"MK21","name":"Ahvenanmaa","hasData":false}}]}